耀,羽,20
蘄,艹,0
涉,氵,10
谈,讠,10
伊,亻,6
預,页,0
亟,二,8
洞,氵,9
咣,口,0
猢,犭,0
媧,女,0
礦,石,0
悫,心,0
缪,纟,14
河,氵,8
临,丨,9
犷,犭,6
鄶,阝,0
吸,口,6
碻,石,0
娼,女,0
线,纟,8
晄,日,0
談,讠,0
反,又,4
牌,片,12
雏,隹,13
姑,女,8
硐,石,0
鳓,鱼,0
織,纟,0
遠,辶,0
卢,卜,5
知,矢,8
除,阝,9
緩,纟,0
彪,彡,11
觱,角,0
歲,山,0
闹,门,8
壻,女,0
鯽,鱼,0
廿,一,4
覆,覀,18
辊,车,0
劌,刂,0
閎,门,0
鮒,鱼,0
应,广,7
蠛,虫,0
檜,木,0
踟,足,0
儡,亻,17
皤,白,0
崩,山,11
芬,艹,7
冶,冫,7
钸,钅,0
骼,骨,15
赉,贝,0
鍍,钅,0
饑,饣,0
臖,月,0
湟,氵,0
跞,足,0
瑣,王,0
鏢,钅,0
囤,囗,0
峨,山,10
括,扌,9
虯,虫,0
棰,木,0
豳,豕,0
併,干,0
滴,氵,14
须,彡,9
孽,子,0
鹿,鹿,11
沉,氵,7
贈,贝,0
上,一,3
犍,牜,0
后,口,6
碑,石,13
餐,食,16
怖,忄,8
蒙,艹,13
邡,阝,0
砦,石,0
鲩,鱼,0
憫,忄,0
枯,木,9
萮,艹,0
伴,亻,7
玷,王,9
逶,辶,11
离,亠,10
羿,羽,9
鰾,鱼,0
浈,氵,0
釋,采,0
壑,土,17
祐,礻,0
鷓,鸟,0
罔,网,0
蕘,艹,0
櫝,木,0
譜,讠,0
盥,皿,0
裱,衤,0
号,口,5
灶,火,7
铹,钅,0
姻,女,9
忿,心,8
节,艹,5
躊,足,0
厌,厂,6
钎,钅,0
妐,女,0
紓,纟,0
骒,马,0
茗,艹,0
輟,车,0
倡,亻,10
熠,火,0
锣,钅,13
瞤,目,0
鬧,门,0
傶,亻,0
琹,王,0
稽,禾,15
拂,扌,8
豉,豆,0
克,十,7
鉍,钅,0
坏,土,7
鹕,鸟,0
胖,月,9
賞,贝,0
几,几,2
埤,土,0
筧,竹,0
巨,"匚
",4
腫,月,0
黪,黑,0
蝯,犭,0
赳,走,9
篼,竹,0
齿,齿,8
舀,臼,10
萄,艹,11
澉,氵,0
騐,马,0
挖,扌,9
嚣,口,18
閥,门,0
符,竹,11
披,扌,8
蜮,虫,0
褲,衤,0
炷,火,0
窻,穴,0
锺,钅,0
鼾,鼻,17
所,户,8
蛃,虫,0
摄,扌,13
鋋,釒,0
凍,冫,0
灌,氵,20
穐,禾,0
柙,木,0
佞,亻,0
兢,十,14
鑤,刂,0
学,子,8
翩,羽,15
鹨,鸟,0
臭,自,10
诱,讠,9
仳,亻,0
践,足,12
嫻,女,0
畺,田,0
罾,罒,0
昃,日,0
膂,月,0
标,木,9
予,乛,4
越,走,12
傌,亻,0
琏,王,0
馒,饣,14
岔,山,7
耗,耒,10
暘,日,0
訛,讠,0
谟,讠,0
匡,匚,0
弩,弓,8
纨,纟,0
肬,疒,0
誰,讠,0
洵,氵,0
貴,贝,0
厶,厶,0
隸,隶,0
礽,礻,0
颼,风,0
懂,忄,15
毆,殳,0
轉,车,0
剋,十,0
配,酉,10
魑,鬼,0
秒,禾,9
鵕,鳥,0
菖,艹,11
橛,木,16
江,氵,6
连,辶,7
癣,疒,0
廨,广,0
艫,舟,0
鷪,艹,0
惬,忄,11
遷,辶,0
相,木,9
驻,马,8
好,女,6
鱿,鱼,12
撅,扌,15
蔄,艹,0
溉,氵,12
嘎,口,14
窑,穴,11
鬐,髟,0
粕,米,11
或,戈,8
垣,土,9
钥,钅,9
麩,麦,0
簪,竹,0
斯,斤,12
澳,氵,15
蠲,虫,0
鐺,钅,0
夼,大,0
綿,纟,0
鸾,鸟,0
觇,见,0
仉,亻,0
煌,火,13
筐,竹,12
曙,日,17
襜,衤,0
乞,乙,3
狡,犭,9
偢,亻,0
镤,钅,0
婦,女,0
绩,纟,11
胭,月,0
普,日,12
諱,讠,0
俳,亻,0
雹,雨,13
寻,寸,6
飽,饣,0
繾,纟,0
會,人,0
椇,木,0
誆,讠,0
侈,亻,8
猋,犬,0
貊,豸,0
册,丿,5
甏,瓦,0
階,阝,0
缓,纟,12
嶔,山,0
枘,木,0
講,讠,0
榜,木,14
负,贝,6
吥,口,0
疤,疒,9
餧,口,0
樱,木,15
记,讠,5
趴,足,9
庾,广,0
葅,艹,0
蹉,足,16
卋,一,0
泊,氵,8
遍,辶,12
問,门,0
盎,皿,10
当,彐,6
歛,攵,0
叠,又,0
督,目,13
郢,阝,0
嗤,口,13
祧,礻,0
髦,髟,14
荫,艹,9
轳,车,0
酷,酉,14
矸,石,0
舄,臼,0
榉,木,13
瞍,目,0
阌,门,0
綑,扌,0
鰐,鱼,0
箕,竹,14
攖,扌,0
挚,手,10
傣,亻,0
眢,目,0
座,广,10
笪,竹,0
梳,木,11
皷,鼓,0
锶,钅,0
倸,目,0
帼,巾,0
窿,穴,16
餾,饣,0
摀,扌,0
胃,月,9
案,木,10
铋,钅,0
癌,疒,17
鋏,钅,0
飓,风,0
聘,耳,13
鑠,钅,0
坢,土,0
珥,王,0
鉤,钅,0
秩,禾,10
孪,子,0
慮,虍,0
潲,氵,0
诵,讠,9
當,彐,0
釹,钅,0
峻,山,10
獺,犭,0
怃,忄,0
螂,虫,14
變,又,0
嚌,口,0
岐,山,0
谛,讠,11
溜,氵,13
訟,讠,0
璠,王,0
連,辶,0
鸧,鸟,0
天,大,4
札,木,5
蚬,虫,0
洱,氵,0
欵,欠,0
邸,阝,7
妾,女,8
蕁,艹,0
乇,丿,0
淆,氵,11
呋,口,0
燎,火,16
鵑,鸟,0
習,乙,0
晗,日,0
汛,氵,0
機,木,0
觞,角,0
灣,氵,0
勤,力,13
鷦,鸟,0
葫,艹,12
鯪,鱼,0
曬,日,0
良,丶,7
泰,水,0
陷,阝,10
兹,丷,9
综,纟,11
驿,马,8
蔀,艹,0
茄,艹,8
粑,米,10
窕,穴,11
戚,戈,11
钡,钅,0
瘢,疒,0
銥,钅,0
徧,彳,0
簦,竹,0
斫,斤,0
耮,耒,0
綻,纟,0
鈺,钅,0
弼,弓,0
頾,髟,0
臃,月,0
捄,攵,0
过,辶,6
闋,门,0
結,纟,0
答,竹,12
腘,月,0
噢,口,15
鍤,钅,0
屦,尸,0
饨,饣,0
婪,女,11
蛭,虫,0
執,扌,0
瑶,王,14
牺,牜,10
黽,黾,0
寿,寸,7
蚂,虫,9
誊,言,0
垌,土,0
礓,石,0
麒,鹿,0
蜗,虫,13
贛,贝,0
丝,一,5
澜,氵,15
吡,口,0
疠,疒,0
鄣,阝,0
昭,日,9
螬,虫,0
亲,立,9
樵,木,16
讴,讠,6
瀹,氵,0
總,心,0
墾,土,0
佇,亻,0
降,阝,8
协,十,6
鱑,魚,0
绒,纟,9
驕,马,0
蓖,艹,0
浛,氵,0
俜,亻,0
歟,欠,0
離,忄,0
古,口,5
姨,女,9
蕫,艹,0
柬,木,0
药,艹,9
幽,山,9
翼,羽,17
魿,魚,0
极,木,7
耄,耂,0
殉,歹,10
計,讠,0
羑,羊,0
鸐,鳥,0
禕,礻,0
莙,艹,0
些,止,8
愚,心,13
劣,力,6
缦,纟,0
暫,日,0
礪,石,0
悯,忄,10
丰,丨,4
檳,木,0
贲,贝,0
券,刀,8
鄺,阝,0
尼,尸,5
鬾,鬼,0
資,贝,0
橈,木,0
嗍,口,0
郏,阝,0
忑,心,7
髓,骨,21
揙,扌,0
艘,舟,15
淝,氵,0
燥,火,17
彦,彡,9
篩,竹,0
奪,大,0
藭,艹,0
据,扌,11
觵,角,0
鏹,钅,0
煺,火,0
签,竹,13
氇,毛,0
辆,车,11
瘋,疒,0
和,禾,8
瀏,氵,0
庐,广,7
折,扌,7
蠟,虫,0
鈣,钅,0
炤,灬,0
鰧,艹,0
窨,穴,0
蒬,艹,0
漱,氵,14
猹,犭,0
鲼,鱼,0
宾,宀,10
槊,木,0
镍,钅,0
偏,亻,11
珎,王,0
齑,齐,0
婓,女,0
緒,纟,0
饕,飠,0
湛,氵,12
臚,月,0
诞,讠,8
因,囗,6
虫,虫,6
聯,耳,0
詳,讠,0
鑷,钅,0
卹,忄,0
狸,犭,10
顿,页,10
暁,日,0
蜀,虫,13
檉,木,0
锌,钅,0
刎,刂,6
鼐,鼎,0
餔,飠,0
芙,艹,7
供,亻,8
貝,贝,0
樞,木,0
厣,厂,0
琢,王,12
嶧,山,0
枫,木,8
憯,忄,0
估,亻,7
殳,殳,0
谲,讠,0
阶,阝,6
騾,马,0
杀,木,6
韋,韦,0
响,口,9
界,田,9
量,里,12
廑,广,0
罐,缶,23
壕,土,0
拙,扌,8
泝,氵,0
赜,贝,0
靠,非,15
呢,口,8
酤,酉,0
魨,魚,0
扮,扌,7
汲,氵,6
裵,衣,0
嗷,口,0
鋹,釒,0
忻,忄,0
姿,女,9
蒂,艹,12
洇,氵,0
看,目,9
銎,金,0
徐,彳,10
鲒,鱼,0
蔗,艹,14
掘,扌,11
輛,车,0
瞠,目,16
倥,亻,0
娩,女,0
箨,竹,0
搭,扌,12
辰,辰,7
嚶,口,0
爹,父,10
鎸,钅,0
傺,亻,0
簽,竹,0
鶼,鸟,0
媾,女,0
擂,扌,16
狎,犭,0
鹑,鸟,13
孓,子,0
糒,米,0
敗,贝,0
潛,氵,0
胚,月,9
諞,讠,0
埠,土,11
铢,钅,0
凤,几,4
黦,黑,0
寨,宀,14
飪,饣,0
旬,日,6
腯,月,0
乱,乙,7
濰,氵,0
長,长,0
剹,戈,0
緼,纟,0
饿,饣,10
箍,竹,14
崎,山,11
逐,辶,10
阔,门,12
趙,走,0
漚,氵,0
莝,艹,0
岣,山,0
焦,灬,12
閩,门,0
梫,木,0
溯,氵,13
贮,贝,8
撳,扌,0
茲,艹,0
尸,尸,3
鼺,鼠,0
刼,力,0
皿,皿,5
锾,钅,0
桀,木,0
賃,贝,0
俅,亻,0
湄,氵,0
苇,艹,7
摈,扌,0
寍,宀,0
穌,禾,0
黏,黍,17
凑,冫,11
埕,土,10
癔,疒,0
淙,氵,11
佚,亻,7
孢,子,8
翥,羽,0
鹤,鸟,15
坪,土,8
语,讠,9
浮,氵,10
僻,亻,15
鏽,钅,0
囿,囗,0
鎒,耒,0
沘,氵,0
弥,弓,8
纤,纟,6
鈧,钅,0
璨,王,17
説,讠,0
朵,几,6
蚴,虫,0
紹,纟,0
鲸,鱼,16
銼,钅,0
喾,口,0
襁,衤,17
毂,殳,0
轅,车,0
懆,忄,0
蕉,艹,15
塋,艹,0
柊,木,0
魍,鬼,0
酑,酉,0
呓,口,0
觖,角,0
晟,日,0
壠,土,0
鯢,鱼,0
牧,牜,8
哨,口,10
衫,衤,8
韪,韦,0
櫬,木,0
蹯,足,0
惰,忄,12
葳,艹,0
更,一,7
驷,马,8
糸,糸,0
狼,犭,10
陿,犭,0
梁,木,11
溅,氵,12
窍,穴,10
導,寸,0
划,刂,6
皕,白,0
栖,木,10
渚,氵,0
芝,艹,6
搞,扌,13
颡,页,0
钩,钅,9
榫,木,0
瘪,疒,15
谮,讠,0
鸺,鸟,0
瞿,目,18
鐾,金,0
跃,足,11
仅,亻,4
潄,氵,0
菇,艹,11
效,攵,10
筌,竹,0
僑,亻,0
赘,贝,14
荜,艹,0
婢,女,11
绥,纟,0
镨,钅,0
噪,口,16
諭,讠,0
俯,亻,10
胱,月,10
硶,石,0
击,凵,5
瑾,王,15
侄,亻,8
指,扌,9
肆,聿,13
蚊,虫,10
完,宀,7
缏,纟,0
鲎,鱼,0
冐,冂,0
謗,讠,0
脛,月,0
堡,土,12
鴣,鸟,0
帥,巾,0
群,羊,13
吩,口,7
怱,勹,0
昵,日,9
爽,大,11
櫂,木,0
蹅,足,0
惆,忄,11
葉,口,0
奋,大,8
驍,马,0
遑,辶,0
啓,口,0
狒,犭,0
陕,阝,8
束,木,7
絣,糹,0
忤,忄,0
獧,犭,0
郦,阝,0
嗨,口,13
雪,雨,11
软,车,8
柴,木,10
魷,鱼,0
屹,山,6
剽,刂,0
殁,歹,0
言,言,0
涅,氵,0
谄,讠,10
枉,木,8
禍,礻,0
頌,页,0
玑,王,0
鈐,钅,0
儒,亻,16
疕,疒,0
鐔,钅,0
欖,木,0
辙,车,16
洚,氵,0
膝,月,15
鮡,魚,0
鶥,鸟,0
傧,亻,0
鞩,革,0
檫,木,0
甪,用,0
脲,月,0
常,巾,11
值,亻,10
璿,王,0
霾,雨,22
髋,骨,0
姍,女,0
硌,石,0
鳏,鱼,0
发,又,5
懝,扌,0
篡,竹,0
奢,大,11
緥,衤,0
鱤,魚,0
卦,卜,8
矩,矢,9
陨,阝,9
啪,口,11
潮,氵,15
菱,艹,11
絺,糹,0
哿,口,0
睾,目,0
渃,氵,0
莆,艹,0
程,禾,12
薊,艹,0
簏,竹,0
劐,刂,0
醒,酉,16
咔,口,0
伙,亻,6
溘,氵,0
舛,夕,6
嬡,女,0
窠,穴,0
鸣,鸟,8
粤,米,12
圩,土,0
椭,木,12
侮,亻,9
挱,手,0
芰,艹,0
蒴,艹,0
家,宀,10
麸,麦,0
嶺,山,0
譁,口,0
乃,丿,2
赅,贝,10
揆,扌,12
蝉,虫,14
饍,月,0
屏,尸,9
翎,羽,0
燒,火,0
镕,钅,0
诖,讠,0
付,亻,5
扛,扌,6
跚,足,12
摟,扌,0
嫠,女,0
駢,马,0
峤,山,0
詫,讠,0
闪,门,5
棬,木,0
豯,豕,0
擴,扌,0
顷,页,8
役,彳,7
绸,纟,11
鉻,钅,0
兽,丷,11
鑿,凵,0
謀,讠,0
沅,氵,0
贄,贝,0
暉,日,0
蜈,虫,13
碍,石,13
餌,饣,0
錐,钅,0
倒,亻,10
锔,钅,0
氚,气,0
肝,月,7
骡,马,14
鲥,鱼,0
殫,歹,0
琪,王,12
涯,氵,11
踮,足,15
枳,木,9
騶,马,0
玻,王,9
鰺,魚,0
儼,亻,0
杈,木,0
獐,犭,0
韓,韦,0
哕,口,0
畔,田,10
滙,氵,0
惝,忄,0
靨,面,0
呪,口,0
湮,氵,0
英,艹,8
究,穴,7
黹,黹,0
叻,口,0
都,阝,10
百,白,6
笋,竹,10
喔,口,12
丙,一,5
澘,氵,0
茛,艹,0
憜,忄,0
蔟,艹,0
箠,木,0
尥,尢,0
鄧,阝,0
嘩,口,0
覬,见,0
亮,亠,9
莰,艹,0
薴,艹,0
縹,纟,0
醼,宀,0
詁,讠,0
佃,亻,7
棂,木,0
拆,扌,8
虉,艹,0
額,页,0
绎,纟,8
楗,木,0
論,讠,0
俘,亻,9
賚,贝,0
蛞,虫,0
飢,飠,0
照,灬,13
鋦,钅,0
譫,讠,0
铪,钅,0
饷,饣,0
幹,幹,0
偽,亻,0
燼,火,0
长,长,4
谀,讠,10
疑,匕,14
鐐,钅,0
園,囗,0
鈔,钅,0
缢,纟,13
甦,艹,0
沫,氵,8
猪,犭,11
纷,纟,7
汀,氵,5
橄,木,15
蛇,虫,11
鳋,鱼,0
忍,心,7
髏,骨,0
嗑,口,13
郓,阝,0
柝,木,0
虜,虍,0
緡,纟,0
鱠,月,0
形,彡,7
篥,竹,0
驤,马,0
啦,口,11
遨,辶,13
迭,辶,8
楮,木,0
杲,木,0
菵,艹,0
廷,廴,6
絶,纟,0
勿,勹,4
辂,车,0
昇,日,0
薆,艹,0
簋,竹,0
莊,广,0
馎,饣,0
咐,口,8
鞒,革,0
梘,木,0
舟,舟,6
阧,阝,0
漭,氵,0
躬,身,10
芴,艹,0
隼,隹,0
赁,贝,0
濂,氵,0
旆,方,0
屋,尸,9
镑,钅,0
偓,亻,0
跖,足,0
摛,扌,0
诚,讠,8
癧,疒,0
僨,亻,0
豫,豕,15
滬,氵,0
擰,扌,0
聳,耳,0
拴,扌,9
她,女,6
盼,目,9
鉿,钅,0
沁,氵,7
謄,言,0
悉,心,11
纍,糸,0
鼌,黽,0
锐,钅,12
侗,亻,0
氖,气,0
蚝,虫,10
鲡,鱼,0
妣,女,7
骥,马,0
垧,土,0
琦,王,12
涫,氵,0
爪,爪,4
殯,歹,0
蠮,虫,0
夸,大,6
逾,辶,12
蟇,虫,0
慈,心,13
罌,缶,0
哑,口,9
畐,辶,0
釓,钅,0
動,力,0
曝,日,19
蝜,虫,0
糡,米,0
鵠,鸟,0
幢,巾,15
童,立,12
呦,口,0
烩,火,0
剪,刀,11
桮,木,0
空,穴,8
灾,火,7
紋,纟,0
芊,艹,0
笏,竹,0
焓,火,0
榘,木,0
果,木,8
娥,女,10
霧,雨,0
倩,亻,10
熨,火,15
渭,氵,12
薰,艹,0
莴,艹,0
砹,石,0
傾,亻,0
豁,谷,17
滂,氵,13
嵋,山,0
拊,扌,0
孏,火,0
鑑,金,0
盒,"人
",11
鉕,钅,0
敛,攵,11
损,扌,10
胞,月,9
黢,黑,0
寤,宀,14
赫,赤,14
鋪,钅,0
濬,氵,0
譯,讠,0
旰,日,0
援,扌,12
齷,齿,0
塹,土,0
秸,禾,0
澁,氵,0
掉,扌,11
興,八,0
瞑,目,0
阐,门,11
途,辶,10
挞,扌,0
索,糸,10
馥,香,18
咧,口,0
眦,目,0
鎩,钅,0
梯,木,11
皻,鼻,0
餺,饣,0
吼,口,7
錾,金,0
桄,木,0
蓇,艹,0
扈,户,11
巍,山,20
籌,竹,0
飏,风,0
灔,氵,0
毙,比,10
詘,讠,0
葜,艹,0
翡,羽,14
坦,土,8
珩,王,0
仫,亻,0
敲,攴,14
祺,礻,0
闽,门,9
僿,土,0
獾,犭,0
趂,走,0
搇,扌,0
縋,纟,0
膊,月,14
岌,山,6
鮎,鱼,0
嚐,小,0
閒,门,0
谗,讠,0
纠,纟,5
夥,夕,0
鐧,钅,0
犨,牛,0
責,贝,0
朱,丿,6
蚰,虫,0
肴,月,8
骸,骨,15
钼,钅,0
草,艹,9
懊,忄,15
塏,土,0
痒,疒,11
汗,氵,6
觚,角,0
廠,厂,0
壤,土,20
韦,韦,4
曰,曰,4
艳,色,10
惴,忄,12
鱷,鱼,0
陻,土,0
啽,口,0
避,辶,16
梅,木,11
抉,扌,7
茈,艹,0
皑,白,11
吒,口,0
炕,火,8
鄔,阝,0
渖,氵,0
蒝,艹,0
戞,戈,0
宣,宀,9
颥,页,0
喧,口,12
瘦,疒,14
銩,钅,0
掳,扌,11
萲,艹,0
鸶,鸟,10
嬸,女,0
瞻,目,18
唼,口,0
鈾,钅,0
仁,亻,4
诃,讠,0
囑,口,0
睐,目,12
僕,亻,0
乖,丿,8
識,讠,0
绡,纟,0
齠,齿,0
噦,口,0
狩,犭,9
偪,辶,0
賭,贝,0
蛱,虫,0
胵,月,0
巷,巳,9
繶,糹,0
髹,髟,0
铽,钅,0
凿,凵,12
牾,牜,0
貂,豸,12
缋,纟,0
猓,犭,0
钒,钅,0
殘,歹,0
斜,斗,11
鬣,髟,0
利,刂,7
玨,王,0
昱,日,9
怵,忄,8
庶,广,11
稹,禾,0
墺,土,0
閼,门,0
劾,力,8
蹁,足,0
衅,血,0
艉,舟,0
惊,忄,11
奏,大,9
卓,十,8
瓒,王,0
違,辶,0
慟,忄,0
苞,艹,8
忠,心,8
鳢,鱼,0
畧,田,0
叨,口,5
轫,车,0
淬,氵,11
襯,衤,0
柰,木,0
篸,竹,0
命,人,8
痼,疒,0
酿,酉,14
退,辶,9
瞅,目,0
阄,门,0
綉,纟,0
鰈,鱼,0
弊,廾,14
舌,舌,6
蠐,虫,0
踔,足,0
焖,火,11
閙,门,0
眚,目,0
鮝,鱼,0
废,广,8
紞,糹,0
挢,扌,0
炫,火,9
漪,氵,14
刬,刂,0
键,钅,13
堰,土,12
粳,米,0
鬲,鬲,0
脶,月,0
贾,贝,10
铃,钅,10
癄,忄,0
巉,山,0
蛏,虫,0
桐,木,10
賓,宀,0
湔,氵,0
兖,亠,0
痙,疒,0
坚,土,7
篝,竹,16
查,木,9
淩,氵,0
豨,豕,0
佪,彳,0
囯,囗,0
畮,亠,0
駱,马,0
筲,竹,0
慶,广,0
藹,艹,0
诽,讠,0
仿,亻,6
傀,亻,11
球,王,11
鎂,钅,0
馆,饣,11
岈,山,0
龊,齿,0
昏,日,8
氓,氏,0
讒,讠,0
五,一,4
窜,穴,12
鸟,鸟,5
悠,心,11
沨,氵,0
銬,钅,0
單,十,0
礱,石,0
缵,纟,0
麴,麥,0
改,已,7
蒸,艹,13
欽,钅,0
誼,讠,0
呃,口,7
珂,王,0
秆,禾,8
翊,羽,0
旎,方,0
毒,母,9
嫜,女,0
繟,糹,0
摣,扌,0
菢,艹,0
触,角,13
迪,辶,8
独,犭,9
维,纟,11
艷,色,0
蹿,足,0
炁,灬,0
鄀,阝,0
霄,雨,15
堆,土,11
粉,米,10
茌,艹,0
褐,衤,14
輔,车,0
瀖,氵,0
钙,钅,0
骝,马,0
簞,竹,0
股,月,8
戢,戈,0
販,贝,0
鐮,钅,0
綳,纟,0
掷,扌,11
耶,耳,8
榻,木,14
蘺,艹,0
闃,门,0
囅,丷,0
鯇,鱼,0
臋,月,0
捌,扌,10
仕,亻,5
潔,氵,0
镘,钅,0
竝,干,0
属,尸,12
惡,心,0
腠,月,0
蝤,虫,0
凫,几,0
鋭,钅,0
埯,土,0
飱,飠,0
巳,巳,3
恶,心,10
智,日,12
汾,氵,0
冀,八,16
垄,土,8
领,页,11
蒎,艹,0
誒,讠,0
侔,亻,0
疘,月,0
餛,饣,0
箜,竹,0
蔣,艹,0
涨,氵,10
爭,刀,0
鎬,钅,0
媲,女,13
縵,纟,0
樽,木,0
讼,讠,6
遁,辶,12
啃,口,11
狂,犭,7
际,阝,7
鱉,鱼,0
绊,纟,8
擎,手,16
蹕,足,0
獗,犭,15
郖,阝,0
祛,礻,0
罟,罒,0
鳞,鱼,20
散,攵,12
歧,止,8
称,禾,10
幵,干,0
荷,艹,10
旸,日,0
襻,衤,0
轿,车,10
玁,犭,0
鈀,钅,0
儂,亻,0
而,而,6
訐,讠,0
涕,氵,10
谔,讠,0
猖,犭,11
媛,女,0
甚,一,9
馝,香,0
辩,辛,16
洪,氵,9
倬,亻,0
纳,纟,7
餲,飠,0
尴,尢,13
茶,艹,9
檻,木,0
蔺,艹,14
沿,氵,8
輾,车,0
叁,厶,0
牀,广,0
嗅,口,13
忉,忄,0
苋,艹,0
橐,木,0
汔,氵,0
卖,十,8
陘,阝,0
握,扌,12
日,日,4
葤,艹,0
廳,厂,0
捶,扌,0
蟹,虫,19
瘃,疒,0
咄,口,8
戋,戈,0
搏,扌,13
逗,辶,10
碜,石,0
鰟,魚,0
抠,扌,7
撤,扌,15
蠧,虫,0
邬,阝,0
垮,土,9
笱,竹,0
骰,骨,0
妲,女,0
鲴,鱼,16
朹,木,0
椽,木,0
袼,衤,0
鍁,钅,0
镅,钅,0
篆,竹,0
緊,糸,0
乓,丿,6
赕,贝,0
鏖,金,0
闚,穴,0
籟,竹,0
桧,木,10
详,讠,8
仨,亻,0
跪,足,13
六,"亠
",4
烬,火,0
孱,子,0
鹳,鸟,22
糴,米,0
職,耳,0
書,乛,0
棼,木,0
犁,牛,11
锄,钅,12
娆,女,0
尊,寸,12
悍,忄,10
檑,木,0
謐,讠,0
冗,冖,0
隙,阝,12
宛,宀,8
琚,王,0
额,页,15
芡,艹,7
玫,王,8
氪,气,0
疯,疒,9
阮,阝,6
嬰,女,0
崴,山,0
憷,忄,0
舶,舟,0
殻,士,0
涿,氵,0
勁,力,0
韃,革,0
哅,讠,0
廉,广,13
慌,忄,12
藏,艹,17
迓,辶,0
浔,氵,0
剖,刂,10
幞,巾,0
荠,艹,0
擥,扌,0
蕤,艹,0
滩,氵,13
轨,车,6
叫,口,5
郭,阝,0
嗯,口,13
癮,疒,0
扶,扌,7
蛹,虫,13
摺,扌,0
湾,氵,12
邂,辶,16
善,口,12
骆,马,9
很,彳,9
攏,扌,0
漓,氵,13
袒,衤,10
瞘,目,0
堝,土,0
鴟,鸟,0
掠,扌,11
蜣,虫,0
斤,斤,4
醬,酉,0
稱,禾,0
鶴,鸟,0
栽,木,10
烂,火,9
奇,大,8
鹉,鸟,13
糊,米,15
聍,耳,0
体,亻,7
棒,木,12
豕,豕,0
煗,日,0
筛,竹,12
姜,女,9
點,灬,0
諦,讠,0
俨,亻,9
質,贝,0
镯,钅,18
篰,竹,0
練,纟,0
腷,月,0
槼,见,0
玅,女,0
鈄,钅,0
崆,山,0
須,页,0
涑,氵,0
谐,讠,11
甖,缶,0
岛,山,7
礞,石,0
朢,月,0
产,立,6
覩,目,0
嘬,口,0
犯,犭,5
碳,石,14
娴,女,10
治,氵,8
茺,艹,0
褾,衤,0
嗁,口,0
郃,阝,0
姉,女,0
蓋,皿,0
晌,日,10
苏,艹,7
汐,氵,6
啖,口,0
燙,火,0
遘,辶,0
博,十,12
鹜,鸟,0
艤,舟,0
槩,木,0
表,一,8
韭,韭,9
煮,灬,12
壳,士,7
署,罒,13
鯵,魚,0
捺,扌,11
追,辶,9
咀,口,8
搋,扌,0
鮊,鱼,0
戏,戈,6
栓,木,10
阗,门,13
弝,弓,0
纜,纟,0
护,扌,7
梨,木,11
眭,目,0
紱,纟,0
鲰,鱼,0
骴,骨,0
漽,氵,0
镁,钅,0
偃,亻,0
饉,饣,0
赑,贝,0
濒,氵,16
闖,门,0
恣,心,10
湧,氵,0
鑫,金,0
坭,土,0
顳,页,0
孵,爫,14
佽,亻,0
詿,讠,0
璁,王,0
销,钅,12
将,丬,9
碉,石,0
餈,米,0
贐,贝,0
謔,讠,0
琖,皿,0
邙,阝,0
麝,鹿,0
蒡,艹,0
芥,艹,7
侧,亻,8
氦,气,0
疫,疒,9
横,木,15
圬,土,0
环,王,8
逮,辶,11
禳,礻,0
鸲,鸟,0
嬴,女,0
枷,木,9
似,亻,6
殿,殳,13
蠾,虫,0
品,口,9
畀,田,0
釃,酉,0
勅,攵,0
獄,犭,0
祈,礻,8
藋,艹,0
杌,木,0
菏,艹,0
浐,氵,0
呖,口,0
烙,火,10
绝,纟,9
齜,齿,0
塞,土,13
擡,扌,0
拥,扌,8
荤,艹,0
嗫,口,13
可,口,5
摶,扌,0
喀,口,12
隂,阝,0
厄,厂,4
缇,纟,0
鲆,鱼,0
妈,女,6
骊,马,10
肎,月,0
躒,足,0
候,亻,10
熘,火,0
鴛,鸟,0
帝,巾,9
鬟,髟,23
脣,口,0
榨,木,14
瘭,疒,0
元,一,4
盂,皿,8
鉅,釒,0
竊,穴,0
評,讠,0
铖,钅,0
絛,纟,0
飞,飞,3
慣,忄,0
賦,贝,0
镫,钅,0
矬,矢,0
山,山,3
婵,女,0
懸,心,0
濼,氵,0
阀,门,0
逄,辶,0
萌,艹,11
踐,足,0
榕,木,14
蠔,虫,0
焚,火,12
墟,土,14
笞,竹,0
漦,水,0
让,讠,5
听,口,7
炯,火,9
錮,钅,0
窳,穴,0
場,土,0
撷,扌,0
溻,氵,0
謾,讠,0
癀,疒,0
鋃,钅,0
灄,氵,0
鳇,鱼,0
蛋,虫,11
俑,亻,9
桔,木,10
珙,王,0
党,儿,10
緝,纟,0
聤,耳,0
囫,囗,7
闭,门,6
絲,一,0
菹,艹,0
任,亻,6
跽,足,0
嚀,口,0
閂,门,0
簇,竹,17
龆,齿,0
馊,饣,0
怏,忄,0
莎,艹,10
樓,木,0
鐗,钅,0
匙,匕,11
鸛,鸟,0
粜,米,0
頟,页,0
舣,舟,0
悤,勹,0
谧,讠,12
檨,木,0
甭,用,0
钬,钅,0
厮,厂,14
缱,纟,0
挹,扌,0
芸,艹,7
洽,氵,9
貼,贝,0
靁,雨,0
剃,刂,9
痂,疒,0
魉,鬼,0
揎,扌,0
淒,冫,0
瑗,王,0
勘,力,11
扣,扌,6
迦,辶,8
啭,口,0
遯,辶,0
影,彡,15
绰,纟,11
驳,马,7
磴,石,0
葷,艹,0
蹻,足,0
泼,氵,8
衿,衤,0
皁,白,0
需,雨,14
炅,火,0
鄄,阝,0
帆,巾,6
鬈,髟,0
蔌,艹,0
瘖,疒,0
瀚,氵,19
稞,禾,13
肥,月,8
渦,氵,0
株,木,10
唬,口,11
鈮,钅,0
鰲,鱼,0
头,大,5
斷,斤,0
榿,木,0
訾,言,0
囁,口,0
着,目,11
鏃,钅,0
僅,亻,0
嫉,女,13
蟋,虫,17
敌,攵,10
臏,月,0
仑,人,4
诓,讠,0
楔,木,13
狙,犭,0
鍘,钅,0
做,亻,11
糝,米,0
鵜,鸟,0
婞,女,0
曡,又,0
蝠,虫,15
惥,心,0
腤,月,0
书,乛,4
铭,钅,11
凯,几,8
牮,牛,0
黱,黑,0
寳,宀,0
晶,日,12
苹,艹,8
恺,忄,0
賽,贝,0
猃,犭,0
冄,冂,0
紇,纟,0
守,宀,6
朋,月,8
颊,页,12
意,心,13
芎,艹,0
欓,木,0
貒,豸,0
锗,钅,0
则,刂,6
尝,小,9
綜,纟,0
憤,忄,0
货,贝,8
琭,王,0
閬,门,0
縱,纟,0
砵,石,0
馴,马,0
戹,厂,0
莸,艹,0
氽,水,0
趼,足,0
千,十,3
嵇,山,0
细,纟,8
磊,石,0
葍,艹,0
拎,扌,8
蹑,足,17
雖,虫,0
变,又,8
郚,阝,0
祟,示,10
捣,扌,10
酯,酉,0
翰,羽,16
塵,小,0
蕷,艹,0
揸,扌,0
轻,车,9
淼,水,0
西,覀,6
禁,示,13
羅,罒,0
儆,亻,0
圊,囗,0
殍,歹,0
訌,讠,0
憑,几,0
耐,而,9
枕,木,8
缚,纟,13
覡,见,0
欢,欠,6
愦,忄,0
薩,艹,0
未,木,5
娬,女,0
纯,纟,7
録,王,0
嘴,口,16
褶,衤,16
悻,忄,0
础,石,10
鳃,鱼,17
必,丶,5
鋇,钅,0
嗉,口,0
恐,心,10
蓓,艹,13
晔,日,0
奖,大,9
緙,纟,0
鱘,鱼,0
珝,王,0
啞,口,0
蹤,足,0
早,日,6
士,士,3
絮,糸,12
哳,口,0
獲,艹,0
韵,音,13
跹,足,0
潺,氵,15
菽,艹,0
墀,土,0
庄,广,6
醆,皿,0
栋,木,9
搓,扌,12
莒,艹,9
崙,人,0
粘,米,11
逛,辶,10
匝,匚,0
队,阝,4
谣,讠,12
伥,亻,0
嶮,阝,0
焱,火,0
邰,阝,0
厲,厂,0
眵,目,0
隴,阝,0
洹,氵,0
貸,贝,0
挽,扌,10
則,刂,0
镉,钅,0
乏,丿,4
腑,月,0
插,扌,12
蝕,虫,0
穗,禾,17
癟,疒,0
闞,门,0
询,讠,8
令,人,5
执,扌,6
顫,页,0
蟪,虫,0
共,八,6
直,"十
",8
泸,氵,0
拼,扌,9
虿,虫,0
碁,石,0
倆,亻,0
璉,王,0
锈,钅,12
謌,欠,0
脐,月,10
宗,宀,8
砖,石,9
军,冖,6
縚,纟,0
躥,足,0
怦,忄,0
昪,日,0
羯,羊,0
疳,疒,0
殷,殳,10
蠶,虫,0
踺,足,0
壁,土,16
祀,礻,7
罄,缶,17
鏇,方,0
哉,口,9
畈,田,0
觋,见,0
歌,欠,14
藓,艹,17
糙,米,16
狝,犭,0
襠,衤,0
滥,氵,13
轤,车,0
蕨,艹,15
髭,髟,0
籮,竹,0
郱,阝,0
嗳,口,0
牲,牜,9
桶,木,11
苽,艹,0
紃,糹,0
骂,马,9
径,彳,8
喈,口,0
椋,木,0
隊,阝,0
漏,氵,14
芒,艹,6
初,衤,7
榠,木,0
责,贝,8
严,一,7
澤,氵,0
茧,艹,9
稭,禾,0
劲,力,7
瘵,疒,0
鞴,革,0
趸,足,0
人,人,2
戽,户,0
莼,艹,0
鹅,鸟,12
升,丿,4
益,皿,10
住,亻,7
拒,扌,7
處,夂,0
铞,钅,0
浣,氵,10
諢,讠,0
俤,亻,0
捧,扌,11
饫,饣,0
婭,女,0
偱,亻,0
镳,钅,20
矴,石,0
護,扌,0
腻,月,13
匆,勹,5
阈,门,0
榍,木,0
伎,亻,0
舐,舌,10
斕,文,0
龙,龙,5
力,力,2
級,纟,0
计,讠,4
到,刂,8
鄲,阝,0
吴,口,7
丸,丿,3
抻,扌,0
贺,贝,9
撿,木,0
蜾,虫,0
穀,禾,0
黃,黄,0
巅,山,19
郇,阝,0
請,讠,0
桌,卜,10
摔,扌,14
鹘,鸟,0
嵚,山,0
遜,辶,0
坞,土,7
毡,毛,9
詠,口,0
柩,木,0
嫫,女,0
駭,马,0
峯,山,0
置,罒,13
煲,火,13
闵,门,0
迹,辶,9
松,木,8
氏,氏,4
辎,车,0
易,日,8
頗,页,0
纘,纟,0
炜,火,8
檠,木,0
踣,足,0
沤,氵,0
耧,耒,0
暨,日,14
微,彳,13
猱,犭,0
冲,冫,6
电,丨,5
钴,钅,0
肼,月,0
魁,鬼,13
幃,巾,0
假,亻,11
靉,厶,0
痊,疒,11
襍,木,0
荑,艹,0
懒,忄,16
蕕,艹,0
硗,石,0
鯖,鱼,0
牛,牛,4
鷚,鸟,0
瑟,王,13
韞,韦,0
湣,氵,0
恧,心,0
驫,马,0
藪,艹,0
奭,大,0
磬,石,0
危,㔾,6
狰,犭,9
陳,阝,0
啵,口,0
瓴,瓦,0
衷,衣,10
滸,氵,0
艻,艹,0
惼,忄,0
突,穴,9
鬀,刂,0
堂,土,11
分,刀,4
霈,雨,0
吊,口,6
与,一,3
抑,扌,7
茐,艹,0
撕,扌,15
蔔,卜,0
妗,女,0
稖,禾,0
邝,阝,0
喟,口,12
誡,讠,0
侣,亻,8
栢,木,0
蚩,虫,0
箫,⺮,14
搪,扌,0
瞳,目,0
進,辶,0
榷,木,0
訶,讠,0
伸,亻,7
嫁,女,13
組,纟,0
采,爫,8
诋,讠,0
跏,足,0
捐,扌,10
蟓,虫,0
给,纟,9
泥,氵,8
赤,赤,7
曩,日,0
飭,饣,0
巯,工,0
繮,纟,0
鋱,钅,0
铵,钅,0
能,厶,10
晾,日,12
缃,纟,0
颂,页,10
嶄,山,0
钊,钅,0
帙,巾,0
錛,钅,0
锟,钅,0
殠,歹,0
涤,氵,10
枨,木,0
砭,石,0
爱,爫,10
鎰,钅,0
傲,亻,12
琵,比,12
閴,门,0
驁,马,0
鱅,鱼,0
陉,阝,0
瓊,王,0
衍,彳,9
滎,艹,0
艑,舟,0
祗,礻,0
髖,骨,0
忘,心,7
雞,鸟,0
裢,衤,0
慧,心,15
苦,艹,8
鵯,鸟,0
靳,革,0
呵,口,8
痴,疒,13
荻,艹,10
懼,忄,0
蕿,艹,0
綁,纟,0
异,巳,6
箅,竹,0
唆,口,0
逈,辶,0
澍,氵,0
踌,足,14
斑,文,12
萐,艹,0
舔,舌,14
店,广,8
香,香,9
咛,口,8
鞝,纟,0
功,力,5
讥,讠,4
膩,月,0
挪,扌,9
帬,衤,0
窯,穴,0
餮,飠,0
炳,火,9
露,雨,21
刴,刂,0
溷,氵,0
贶,贝,0
撻,扌,0
抿,扌,0
脾,月,12
籀,竹,0
飃,风,0
寅,宀,11
雇,隹,12
凉,冫,10
湌,飠,0
諏,讠,0
摐,扌,0
扔,扌,5
嵖,山,0
孚,子,0
淡,氵,11
闱,门,0
僳,亻,0
鏵,钅,0
价,亻,6
慾,欠,0
閆,门,0
傈,亻,0
鎊,钅,0
二,二,2
夙,夕,6
碘,石,13
蠣,虫,0
蘧,艹,0
您,心,11
缭,纟,15
妮,女,8
由,田,5
钰,钅,0
垲,土,0
椹,木,0
朽,木,6
魅,鬼,14
噇,口,0
酉,酉,7
珊,王,9
轍,车,0
槎,木,13
柒,木,9
壘,土,0
瑛,王,12
牟,牛,6
档,木,0
迢,辶,8
藦,艹,0
菪,艹,0
彭,彡,12
驯,马,6
卵,丿,7
狴,犭,0
蹷,足,0
曼,曰,11
艿,艹,0
市,亠,5
吆,口,6
炉,火,8
刊,刂,5
撑,扌,15
投,扌,7
茔,艹,0
得,彳,11
簖,竹,0
稚,禾,13
原,厂,10
財,贝,0
渢,氵,0
誥,讠,0
搦,扌,0
肩,月,8
綫,纟,0
截,戈,14
箯,竹,0
唰,口,0
熳,火,0
防,阝,6
谶,讠,0
斻,木,0
診,讠,0
峁,山,0
絀,纟,0
僉,人,0
跋,足,12
仍,亻,4
诏,讠,0
磙,石,0
婚,女,11
泡,氵,8
赠,贝,16
惩,心,12
腨,月,0
巫,工,7
确,石,12
铱,钅,0
凳,几,14
癲,疒,0
汶,氵,0
裹,"亠
",14
麂,鹿,0
宄,宀,0
眇,目,9
钆,钅,0
冈,冂,4
洋,氵,9
欏,木,0
愓,忄,0
鼗,鼓,0
堙,土,0
锛,钅,0
錟,钅,0
涠,氵,0
殤,歹,0
憨,心,15
縭,纟,0
墮,土,0
爵,爫,17
根,木,10
绂,纟,0
驅,马,0
均,土,7
瓆,王,0
遉,亻,0
葑,艹,0
罗,罒,8
鳖,鱼,0
姘,女,0
畛,田,0
楣,木,13
杧,木,0
蓦,艹,13
魯,鱼,0
呱,口,8
痰,疒,13
創,刂,0
轷,车,0
蕻,艹,0
羁,罒,0
崂,山,0
禅,礻,12
圆,囗,10
玉,玉,5
鈈,钅,0
谌,讠,0
蘐,艹,0
耔,耒,0
岗,山,7
编,纟,12
猞,犭,0
朦,月,17
莩,艹,0
纫,纟,6
尬,尢,7
鬮,门,0
嘰,口,0
锲,钅,14
倴,亻,0
髃,骨,0
姅,女,0
叉,又,3
版,片,8
軋,车,0
裏,里,0
苓,艹,0
彖,彑,0
篙,竹,16
驘,马,0
奚,大,10
卞,卜,0
濡,氵,0
蹠,足,0
揩,扌,0
艨,舟,0
壯,士,0
筮,竹,0
畲,田,0
釵,钅,0
诹,讠,0
庀,广,0
稃,禾,0
琇,王,0
劈,刀,15
栏,木,9
讎,隹,0
窘,穴,12
璜,王,0
速,辶,10
伡,亻,0
訣,讠,0
萧,艹,11
抨,扌,0
宮,宀,0
隰,阝,0
喲,口,0
邴,阝,0
欹,欠,0
攽,攵,0
蒼,艹,0
齁,鼻,0
饅,饣,0
鍉,釒,0
之,丶,3
赍,贝,0
旒,方,0
腕,月,12
嫘,女,0
哜,口,0
摧,扌,14
蟦,虫,0
鹫,鸟,17
自,自,6
顯,日,0
兵,八,7
烴,火,0
櫸,木,0
虻,虫,0
擼,扌,0
聿,聿,0
嘆,口,0
錈,钅,0
沍,冫,0
暑,日,12
蜐,虫,0
脔,肉,0
嶗,山,0
垛,土,0
砚,石,9
钝,钅,9
躡,足,0
氢,气,9
芩,艹,0
怪,忄,8
騮,马,0
地,土,6
玳,王,0
鐲,钅,0
舾,舟,0
廁,厂,0
壅,土,0
闇,門,0
勉,力,9
觏,见,0
材,木,7
幖,巾,0
站,立,10
魘,鬼,0
塚,冖,0
瓝,瓜,0
镜,钅,16
剞,刂,0
满,氵,13
襤,衤,0
择,扌,8
荨,艹,0
快,忄,7
穮,禾,0
右,口,5
郵,阝,0
桺,木,0
蓽,艹,0
找,扌,7
往,彳,8
笃,竹,9
鲂,鱼,0
妄,女,6
隆,阝,11
邊,辶,0
椏,木,0
吝,口,7
推,扌,11
鶬,鸟,0
瀵,氵,0
醴,酉,0
亶,亠,0
樹,木,0
许,讠,6
搽,扌,0
鹁,鸟,0
孃,女,0
糂,米,0
盆,皿,9
鉉,钅,0
烊,火,10
虑,虍,10
擒,扌,15
睛,目,13
飚,风,0
嗜,口,13
鋞,釒,0
俠,亻,0
正,止,5
賢,贝,0
胪,月,0
緬,纟,0
饯,饣,0
噱,口,0
鍳,金,0
偵,亻,0
燴,火,0
起,走,10
蝻,虫,0
腿,月,13
挂,扌,9
椆,木,0
邋,辶,0
厍,厂,0
随,阝,11
甎,石,0
妑,女,0
徕,彳,0
抗,扌,7
萘,艹,0
溟,氵,0
造,辶,10
璣,王,0
鰨,鱼,0
弪,弓,0
戬,戈,0
栰,竹,0
辵,辵,0
渴,氵,12
閹,门,0
琸,王,0
稼,禾,0
襆,巾,0
珍,王,9
剌,刂,0
镎,钅,0
科,禾,9
翕,羽,0
幔,巾,14
苗,艹,8
軟,车,0
浞,氵,10
凡,几,3
铣,钅,0
巩,工,6
惫,心,12
罪,罒,13
衰,亠,10
泳,氵,8
蹴,足,19
狷,犭,0
其,八,8
驼,马,8
绿,纟,11
暄,日,13
沈,氵,7
個,丨,0
嘏,口,0
餑,饣,0
攙,扌,0
無,无,0
眥,目,0
谳,讠,0
殲,歹,0
鈷,钅,0
頻,页,0
鸿,氵,11
綾,纟,0
胀,月,8
摃,扌,0
蛄,虫,0
橇,木,0
賈,贝,0
灋,氵,0
俊,亻,9
鋌,钅,0
嗎,口,0
寒,宀,12
黔,黑,0
蕙,艹,15
擘,手,0
也,乙,3
酡,酉,0
靥,面,15
盤,皿,0
婧,女,0
糨,米,0
捭,扌,0
楱,木,0
诲,讠,9
畹,田,0
栆,木,0
醋,酉,15
渊,氵,11
劍,刂,0
鞏,工,0
琎,王,0
鶓,鸟,0
底,广,8
蔘,艹,0
榛,木,0
鄠,阝,0
疣,疒,9
霤,雨,0
箧,竹,0
堦,阝,0
鴨,鸟,0
芭,艹,7
袱,衤,11
椰,木,12
钹,钅,0
甸,田,7
妻,女,8
笼,⺮,11
衆,人,0
泉,水,9
蹊,足,0
狍,犭,0
奐,大,0
绕,纟,9
晚,日,11
迟,辶,7
汞,水,0
僡,心,0
牢,宀,7
囥,囗,0
鯧,鱼,0
峩,山,0
繪,纟,0
荬,艹,0
柯,木,9
淳,氵,11
轴,车,9
珷,王,0
偶,亻,11
移,禾,11
老,耂,6
蘅,艹,0
构,木,8
消,氵,10
儋,亻,0
鈍,钅,0
頑,页,0
鸕,鸟,0
羔,灬,10
肖,⺌,7
樝,木,0
貞,贝,0
冠,冖,9
瘥,疒,0
垤,土,0
颦,页,0
蜯,虫,0
撮,扌,15
吹,口,7
餻,米,0
皺,皮,0
精,米,14
臀,月,17
蟄,虫,0
歇,欠,13
今,人,4
鏌,钅,0
哎,口,8
駐,马,0
嫒,女,0
葙,艹,0
佟,亻,0
遡,氵,0
燠,火,16
啣,行,0
編,纟,0
扭,扌,7
蓮,艹,0
导,寸,6
侉,亻,0
再,冂,6
钏,钅,0
眎,见,0
宑,阝,0
麓,鹿,19
悗,忄,0
蘘,艹,0
蠜,虫,0
沟,氵,7
伞,人,6
碧,石,14
鸨,鸟,0
讱,讠,0
亳,亠,0
趵,足,0
水,水,4
傷,亻,0
瘸,疒,0
砼,石,0
岿,山,0
旅,方,10
譆,口,0
濉,氵,0
么,丿,3
赊,贝,0
偌,亻,0
篑,竹,0
饒,饣,0
胗,月,0
諛,讠,0
敚,攵,0
潞,氵,0
叡,目,0
難,隹,0
煢,艹,0
嗥,口,0
飧,夕,12
擯,扌,0
詰,讠,0
烷,火,11
陸,阝,0
竻,竹,0
顼,页,0
茁,艹,8
技,扌,7
撄,扌,0
載,车,0
溈,氵,0
鄍,阝,0
吏,口,6
鴕,鸟,0
莖,艹,0
辞,辛,13
猡,犭,0
加,力,5
醢,酉,0
甥,生,12
咤,口,9
缩,纟,14
舫,舟,0
踳,足,0
榲,木,0
逷,辶,0
玶,王,0
圹,土,0
晃,日,10
蓄,艹,13
牋,竹,0
城,土,9
姒,女,7
鳔,鱼,0
蝙,虫,15
襝,衤,0
狠,犭,9
镥,钅,0
瓤,瓜,0
齩,口,0
绨,纟,0
蟮,虫,0
睹,目,13
闺,门,9
壼,士,0
螃,虫,16
怂,心,8
争,刀,6
鎋,车,0
氊,毛,0
傍,亻,12
閏,门,0
砒,石,0
蜘,虫,14
殛,歹,0
涟,氵,10
丞,一,6
錠,钅,0
锤,钅,13
禧,礻,16
尪,尢,0
肭,月,0
愬,讠,0
洴,氵,0
冷,冫,7
隹,隹,0
眸,目,0
礼,礻,5
聂,耳,10
擅,扌,16
詆,讠,0
滉,氵,0
陎,阝,0
子,子,3
糕,米,16
诛,讠,0
跟,足,13
湞,氵,0
勡,刂,0
哥,口,10
揫,扌,0
籪,竹,0
旯,日,0
議,讠,0
赴,走,9
饼,饣,9
舁,臼,0
掀,扌,11
萅,日,0
踉,足,0
澈,氵,15
逍,辶,10
唏,口,0
箐,竹,0
弓,弓,3
鰕,魚,0
昙,日,0
栝,木,0
躞,足,0
厠,厂,0
邢,阝,0
琥,王,12
縩,糹,0
徨,彳,12
茫,艹,9
暮,日,14
輳,车,0
状,犬,7
嘹,口,15
鬻,鬲,22
璺,玉,0
鴿,鸟,0
纾,纟,7
菀,艹,0
权,木,6
藄,艹,0
迈,辶,6
里,里,7
畏,田,9
柘,木,0
衝,冫,0
珠,王,10
鑥,钅,0
痤,疒,0
鹩,鸟,0
恭,⺗,10
蛮,虫,12
橱,木,16
鋶,钅,0
埸,土,0
铺,钅,12
黾,黾,0
肃,肀,8
躇,足,18
钋,钅,0
颓,页,13
缒,纟,0
宕,宀,8
暗,日,13
耘,耒,10
沛,氵,7
鐠,钅,0
级,纟,6
崦,山,0
嬪,女,0
螭,虫,0
昬,日,0
趱,走,0
氰,气,0
讵,讠,0
嚷,口,20
旁,方,10
蝂,虫,0
赆,贝,0
矍,目,0
噌,口,0
酎,酉,0
緑,纟,0
屐,尸,0
敖,攵,10
賛,贝,0
保,亻,9
楞,木,13
嗡,口,13
睢,目,0
句,口,5
黧,黑,0
給,纟,0
虬,虫,0
拯,扌,9
啶,口,0
選,辶,0
系,丿,7
卺,厄,0
竿,竹,9
茅,艹,8
抄,扌,7
万,一,3
霍,雨,16
鬕,髟,0
愙,忄,0
猥,犭,0
墨,土,15
鮪,鱼,0
舯,舟,0
儹,亻,0
鰻,鱼,0
玺,玉,0
禾,禾,5
蓀,艹,0
恃,忄,9
苄,艹,0
瑋,王,0
雌,隹,14
鳐,鱼,0
忒,心,0
腙,月,0
惘,忄,11
镡,钅,0
瓠,瓜,11
鍥,钅,0
饩,饣,0
磨,石,16
杭,木,8
闶,门,0
廼,丿,0
昂,日,8
辇,车,0
氆,毛,0
開,廾,0
樊,木,15
鎏,金,0
岑,山,0
馓,饣,0
媕,女,0
林,木,8
脘,月,0
涛,氵,10
輜,车,0
羧,羊,0
館,饣,0
本,木,5
邹,阝,7
麽,麻,0
宿,宀,11
擁,扌,0
担,扌,8
豆,豆,7
棉,木,12
盍,皿,0
坌,土,0
過,辶,0
嵐,山,0
孔,子,4
跛,足,12
仝,人,5
诟,讠,0
員,口,0
釣,钅,0
癢,疒,0
壩,土,0
走,走,7
槳,木,0
譴,讠,0
呶,口,0
酸,酉,14
齼,齒,0
塾,土,14
萁,艹,0
舅,臼,13
掄,扌,0
榈,木,13
阍,门,0
瞌,目,15
匏,勹,0
箔,竹,14
怙,忄,0
芚,日,0
渝,氵,12
琡,王,0
鲦,鱼,0
砩,石,0
妨,女,7
蔫,艹,0
茯,艹,0
褳,衤,0
溲,氵,0
鴻,鸟,0
帽,巾,12
碾,石,15
潇,氵,14
览,见,9
畋,田,0
韌,韦,0
祓,礻,0
廒,广,0
鯔,鱼,0
彧,彡,0
軲,车,0
银,钅,11
凸,凵,5
繽,纟,0
忼,忄,0
飾,饣,0
芃,艹,0
漆,氵,14
隋,阝,11
邏,辶,0
猎,犭,11
徑,彳,0
骓,马,0
舘,饣,0
谜,讠,11
梟,木,0
唢,口,0
粧,女,0
弦,弓,8
太,大,4
搬,扌,13
辱,辰,10
爸,父,8
庻,广,0
柁,木,0
轆,车,0
毉,匚,0
痍,疒,0
鵒,鸟,0
秕,禾,0
塔,土,12
杖,木,7
軛,车,0
慚,忄,0
裟,衣,0
埡,土,0
鋣,钅,0
畢,比,0
審,宀,0
葬,艹,12
惯,忄,11
蹰,足,0
櫳,木,0
瓷,瓦,10
坶,土,0
鉸,钅,0
绻,纟,0
鱼,鱼,8
脅,月,0
悄,忄,10
锍,钅,0
倏,亻,10
娓,女,10
膚,月,0
讞,讠,0
眡,见,0
関,丷,0
掮,扌,0
液,氵,11
匹,匚,4
熺,灬,0
崽,山,0
蛀,虫,11
扃,户,0
胄,月,0
汇,氵,5
俆,亻,0
铌,钅,0
灏,氵,0
収,攵,0
黐,黍,0
巒,山,0
荙,艹,0
拘,扌,8
赝,贝,0
靡,非,19
酥,酉,12
烤,火,10
敭,扌,0
仰,亻,6
極,木,0
韶,音,14
勸,力,0
釺,钅,0
搂,扌,12
鞋,革,15
栊,木,0
庑,广,0
鮓,魚,0
斗,斗,4
贜,贝,0
吢,口,0
鄤,阝,0
带,巾,9
堪,土,12
攬,扌,0
躱,身,0
袵,衤,0
椴,木,0
喷,口,12
銹,钅,0
猸,犭,0
鲽,鱼,0
紼,纟,0
情,忄,11
绑,纟,9
鱒,鱼,0
磕,石,15
奔,大,8
晖,日,10
进,辶,7
恚,心,0
觟,角,0
囡,囗,6
僥,亻,0
嫩,女,14
硪,石,0
轰,车,8
毳,毛,0
噶,口,0
翻,羽,18
偺,口,0
婾,亻,0
者,耂,8
國,囗,0
鐍,釒,0
蚖,虫,0
肚,月,7
語,讠,0
瘡,疒,0
垠,土,9
钢,钅,9
冤,冖,10
麦,麦,7
脯,月,11
謳,讠,0
沲,氵,0
锷,钅,0
刹,刂,0
鼻,鼻,14
為,丶,0
尽,尸,6
餿,饣,0
蟀,虫,17
捃,扌,0
浇,氵,9
仆,亻,4
诈,讠,7
闌,门,0
煏,火,0
峒,山,0
駔,马,0
艙,舟,0
佛,亻,7
豝,豕,0
陡,阝,9
卣,卜,0
遥,辶,13
驩,欠,0
摭,扌,0
零,雨,13
特,牜,10
司,口,5
籽,米,9
侅,亻,0
芇,艹,0
愆,心,0
朊,月,0
钓,钅,8
檗,木,0
谘,讠,0
悛,忄,0
会,人,6
舜,夕,12
犧,牜,0
鐨,钅,0
圪,土,0
训,讠,5
螵,虫,0
昴,日,0
簸,竹,19
傻,亻,13
㔾,㔾,2
槁,木,0
腆,月,12
噔,口,0
諗,讠,0
胛,月,0
潚,氵,0
蛟,虫,12
敞,攵,12
鳣,鱼,0
筢,竹,0
煦,灬,13
嗩,口,0
睪,目,0
詬,讠,0
滯,氵,0
聰,耳,0
奶,女,5
鱸,鱼,0
啾,口,12
輅,车,0
撈,扌,0
堋,土,0
窌,穴,0
帏,巾,0
吓,口,6
視,见,0
洙,氵,0
辚,车,0
挝,扌,0
缥,纟,0
甩,用,5
咨,口,9
踯,足,0
涮,氵,0
騷,马,0
逻,辶,11
匽,匚,0
阿,阝,7
疾,疒,10
扇,户,10
蓈,艹,0
髌,骨,0
郐,阝,0
赙,贝,0
拜,手,9
屣,尸,0
剧,刂,10
镩,钅,0
菲,艹,11
杵,木,8
絹,纟,0
闾,门,0
樂,丿,0
怆,忄,7
馋,饣,12
昊,日,0
媍,女,0
傑,木,0
嚕,口,0
业,一,5
茜,艹,0
綣,纟,0
倦,亻,10
锨,钅,0
侯,亻,9
肱,月,0
蚵,虫,11
朴,木,6
鲹,鱼,0
冻,冫,7
棁,木,0
滅,火,0
聆,耳,11
孌,心,0
诗,讠,8
蟟,虫,0
摞,扌,0
穢,禾,0
哩,口,10
譬,言,20
濯,氵,17
腰,月,13
蝴,虫,15
篷,竹,16
幺,幺,0
鍼,釒,0
矿,石,8
榀,木,0
踅,足,0
澄,氵,15
斈,子,0
騍,马,0
式,弋,6
逑,辶,0
唓,口,0
阕,门,0
袖,衤,10
氙,气,0
躚,足,0
蒞,艹,0
骢,马,0
邦,阝,6
琩,王,0
褫,衤,0
險,阝,0
輯,车,0
沮,氵,8
尹,乛,4
纺,纟,7
刽,刂,0
觀,见,0
浃,氵,9
迄,辶,6
藈,艹,0
祋,礻,0
釐,裏,0
勒,力,11
韔,韋,0
淘,氵,11
卧,卜,8
痨,疒,0
牽,牛,0
叼,口,5
链,钅,12
肇,聿,14
骋,马,10
妍,女,7
缎,纟,12
隓,土,0
梗,木,11
抛,扌,7
耜,耒,11
撟,扌,0
纣,纟,6
夢,木,0
匦,匚,0
阨,阝,0
唪,口,0
莱,艹,10
戰,戈,0
搴,手,0
醽,酉,0
瀼,氵,0
咿,口,0
毁,殳,13
淅,氵,11
荆,刂,9
蕊,艹,15
种,禾,9
塌,土,13
珑,王,9
剐,刂,0
酒,氵,10
痕,疒,11
呔,口,0
苛,艹,8
浚,氵,0
蓟,艹,0
杞,木,7
寡,宀,14
祢,礻,0
工,工,3
郧,阝,0
番,采,12
衬,衤,8
泯,氵,0
艰,艮,8
曳,丨,6
磷,石,17
狻,犭,0
遼,辶,0
瓿,瓦,0
謁,讠,0
檀,木,17
七,一,2
贅,贝,0
沄,氵,0
蜉,虫,0
暈,日,0
餍,厂,0
碌,石,13
小,小,3
锕,钅,0
亘,二,6
螞,虫,0
紥,扌,0
鎦,钅,0
眩,目,10
嚨,口,0
谯,讠,0
澮,氵,0
頷,页,0
弹,弓,11
綺,纟,0
儽,亻,0
鐿,钅,0
湃,氵,12
賄,贝,0
癓,疒,0
惜,忄,11
章,立,11
幣,巾,0
革,革,9
業,业,0
迮,辶,0
捱,扌,11
敵,攵,0
鯶,鱼,0
罹,罒,16
鷺,鸟,0
煽,火,14
较,车,10
戆,心,0
搊,扌,0
鶏,鸟,0
劑,刂,0
咕,口,8
掛,扌,0
斟,斗,13
羣,羊,0
袭,衣,11
花,艹,7
攴,攵,0
妷,亻,0
缸,缶,9
去,厶,5
喿,口,0
衂,血,0
泅,氵,0
鹎,鸟,0
遒,辶,0
仙,亻,5
汚,氵,0
藟,艹,0
晞,日,0
嫡,女,0
峥,山,9
釧,钅,0
牦,牜,0
毫,"亠
",11
瑪,王,0
淯,氵,0
柳,木,9
蕴,艹,15
婶,女,11
屺,山,0
痿,疒,0
谅,讠,10
嬋,女,0
鈑,钅,0
圓,囗,0
疔,疒,0
侘,亻,0
思,心,9
宠,宀,8
颢,页,0
銦,钅,0
瘩,疒,0
謫,讠,0
钪,钅,0
贯,贝,8
悲,非,12
餷,饣,0
窶,穴,0
粺,禾,0
锿,钅,0
诀,讠,6
跄,足,0
蟈,虫,0
筋,竹,12
絏,纟,0
闔,门,0
蹙,足,18
濘,氵,0
险,阝,9
扱,扌,0
胲,月,0
繹,纟,0
忸,忄,0
災,火,0
凼,凵,0
雾,雨,13
漂,氵,14
攆,扌,0
鲋,鱼,0
骏,马,10
礎,石,0
喑,口,0
邓,阝,4
厕,厂,8
抟,扌,0
碣,石,0
弢,弓,0
匪,匚,10
辭,辛,0
測,氵,0
戴,戈,17
康,广,11
砸,石,10
咻,口,9
鞽,革,0
瘼,疒,0
势,力,8
轂,殳,0
毅,殳,15
蕆,艹,0
應,广,0
幌,巾,0
呐,口,0
青,青,8
珕,王,0
剔,刂,10
苟,艹,8
巡,辶,6
罢,罒,10
寥,宀,14
畦,田,11
泫,氵,0
獪,犭,0
蹬,足,19
葰,艹,0
想,心,13
艴,色,0
绷,纟,11
顸,页,0
瓻,瓦,0
孺,子,17
謅,讠,0
檄,木,0
脉,月,9
尋,寸,0
鼍,黽,0
續,纟,0
锑,钅,0
璐,王,0
錕,钅,0
朝,月,12
紡,纟,0
笥,竹,0
储,亻,12
谫,讠,0
鎪,钅,0
伭,亻,0
榮,艹,0
耳,耳,6
鸷,鸟,0
夹,一,6
鈿,钅,0
熾,火,0
賀,贝,0
桃,木,10
諄,讠,0
胈,月,0
黌,黄,0
铐,钅,0
埒,土,0
乗,丿,0
棘,木,12
曜,日,18
鵡,鸟,0
糠,米,0
酩,酉,0
烨,火,0
潭,氵,15
们,亻,5
蟲,虫,0
捵,扌,0
壸,士,0
睽,目,14
覃,覀,0
戊,戈,5
澗,氵,0
斛,斗,11
蜜,虫,14
瞧,目,17
否,口,7
刪,刂,0
漬,氵,0
德,彳,15
喻,口,12
隽,隹,10
眼,目,11
县,厶,7
況,冫,0
蹂,足,0
葆,艹,12
绍,纟,8
彌,弓,0
顎,页,0
啐,口,0
協,十,0
菟,艹,11
峡,山,9
繢,纟,0
韧,韦,7
淫,氵,11
转,车,8
毯,毛,12
荴,艹,0
婺,女,12
靼,革,0
偾,亻,0
谁,讠,10
殄,歹,0
羌,八,7
鈕,钅,0
誚,讠,0
昝,日,0
簡,竹,0
嶠,山,0
室,宀,9
钦,钅,9
贫,贝,8
銪,钅,0
中,丨,4
鼷,鼠,0
锻,钅,14
窺,穴,0
仂,亻,0
评,讠,7
杇,土,0
臈,月,0
筏,竹,12
壎,土,0
闐,门,0
佗,亻,7
衙,彳,13
様,木,0
柜,木,8
締,纟,0
驥,马,0
篤,竹,0
適,辶,0
燨,日,0
蛲,虫,12
鳶,鸟,0
姸,女,0
白,白,5
郾,阝,0
侁,亻,0
蒇,艹,0
麋,鹿,17
愊,忄,0
颏,页,0
銓,钅,0
冕,冂,11
記,讠,0
萜,艹,0
悟,忄,10
鸠,鸟,7
頤,页,0
璧,玉,18
享,亠,8
優,亻,0
氬,气,0
岷,山,8
鮹,魚,0
嚻,口,0
閽,门,0
琼,王,12
傿,亻,0
濁,氵,0
赂,贝,10
揉,扌,12
腊,月,12
魎,鬼,0
镒,钅,0
燕,灬,16
蛛,虫,12
楚,木,13
捞,扌,10
忡,忄,7
絢,纟,0
姥,女,0
铧,钅,0
睦,目,13
叩,口,5
棯,木,0
拳,手,10
驸,马,8
鑼,钅,0
茉,艹,8
帋,纟,0
皐,白,0
炔,火,0
辖,车,14
攝,扌,0
莞,艹,0
缡,纟,0
庠,广,9
猩,犭,12
动,力,6
醪,酉,0
殮,歹,0
舳,舟,0
鰷,鱼,0
羶,月,0
阻,阝,0
禺,忄,0
軀,身,0
摇,扌,13
苈,艹,0
繋,糸,0
鳌,鱼,0
嗒,口,0
譙,讠,0
齡,齿,0
绠,纟,0
婣,女,0
饥,饣,5
鍩,钅,0
狨,犭,0
诮,讠,0
東,一,0
慵,忄,0
筹,竹,13
哼,口,10
氂,牜,0
薇,艹,16
昆,日,8
龋,齿,0
怊,忄,0
岍,山,0
馏,饣,0
税,禾,12
世,一,5
蔜,艹,0
鼠,鼠,13
箣,竹,0
尢,尢,0
錨,钅,0
倪,亻,10
蚱,虫,11
愴,忄,0
嶷,山,0
笸,竹,0
钽,钅,0
滁,氵,0
佀,亻,0
拉,扌,8
聊,耳,11
糍,米,0
嵌,山,12
驎,馬,0
监,皿,10
坐,土,7
鑒,金,0
兔,刀,8
跗,足,0
湖,氵,12
蟛,虫,0
臟,月,0
扞,扌,0
廡,忄,0
濫,氵,0
蝰,虫,0
腴,月,0
并,干,6
燿,羽,0
踁,月,0
澀,氵,0
蠅,虫,0
榄,木,13
舉,丶,0
授,扌,11
弋,弋,0
鰍,鱼,0
夏,夂,10
阑,门,12
逕,彳,0
熔,火,14
標,木,0
徠,彳,0
鲢,鱼,0
砥,石,0
妤,女,0
厨,厂,12
邪,阝,6
檮,木,0
茳,艹,0
撲,扌,0
纶,纟,7
確,石,0
迀,辶,0
歃,欠,0
规,见,8
敇,攵,0
罋,瓦,0
哒,口,0
釔,钅,0
翠,羽,14
季,子,8
顥,页,0
秤,禾,10
啧,口,11
諮,讠,0
穹,穴,8
寸,寸,3
冁,丷,0
猂,忄,0
垅,土,0
骇,马,9
肋,月,6
缊,纟,0
蚏,刂,0
貓,犭,0
欒,木,0
鐘,钅,0
碛,石,0
崞,山,0
耠,耒,0
撣,扌,0
蘤,艹,0
谨,讠,13
傫,亻,0
伪,亻,6
爬,爪,8
嚯,口,0
馱,马,0
砰,石,10
岳,山,8
縴,纟,0
薹,艹,0
讽,讠,6
亿,亻,3
燁,火,0
饆,飠,0
屈,尸,8
齊,齐,0
揍,扌,12
蕎,艹,0
槑,木,0
濕,氵,0
乔,丿,6
煖,日,0
飛,飞,0
睚,目,0
寝,宀,13
黟,黑,0
絞,纟,0
蓣,艹,0
换,扌,10
諧,讠,0
楦,木,0
烫,火,10
鉬,钅,0
盯,目,7
啮,口,0
顰,页,0
拷,扌,9
葸,艹,0
詼,讠,0
滿,氵,0
炀,火,0
吃,口,6
的,白,8
娇,女,9
鴉,鸟,0
梐,木,0
輕,车,0
醖,酉,0
甙,甘,0
莢,艹,0
覦,见,0
洩,氵,0
匭,匚,0
阯,土,0
疮,疒,9
失,大,5
箲,竹,0
張,弓,0
舷,舟,0
憶,忄,0
蠻,虫,0
参,厶,8
雄,隹,12
穇,禾,0
姆,女,8
恋,心,10
苌,艹,0
晏,日,10
軔,车,0
剗,刂,0
镙,钅,0
瓘,王,0
幟,巾,0
腡,月,0
惠,心,12
蝥,虫,0
注,氵,8
獭,犭,16
问,门,6
声,士,7
罵,马,0
閃,门,0
嚅,口,17
縊,纟,0
井,二,4
锘,钅,0
羟,羊,0
质,⺁,8
个,人,3
猬,犭,12
缴,纟,16
蒹,艹,0
攸,攵,7
便,亻,9
烁,火,9
兀,儿,3
盅,皿,0
顆,页,0
糉,米,0
鹊,鸟,13
拍,扌,8
葎,艹,0
棑,木,0
詒,言,0
滕,水,0
佔,亻,0
鏗,钅,0
哙,口,0
駛,马,0
诧,讠,8
桦,木,10
鍬,钅,0
矯,矢,0
饰,饣,8
蕸,艹,0
送,辶,9
阅,门,10
瞄,目,13
鰉,鱼,0
綈,纟,0
舍,人,8
掌,手,12
蠑,虫,0
琙,王,0
喘,口,12
宜,宀,8
鲞,鱼,0
怡,忄,8
芢,艹,0
春,日,9
氩,气,0
躪,足,0
刭,刂,0
報,扌,0
鴳,鳥,0
悶,门,0
褻,亠,0
輿,臼,0
沾,氵,8
釀,酉,0
筇,竹,0
壆,子,0
態,心,0
廊,广,11
菌,艹,11
杏,木,7
觐,见,0
浓,氵,9
返,辶,7
南,十,9
痘,疒,12
召,口,5
铮,钅,0
髲,髟,0
胶,月,10
摹,手,14
蛺,虫,0
賾,贝,0
颇,皮,11
笆,竹,10
徉,彳,9
芋,艹,6
紊,糸,10
躓,足,0
椒,木,12
化,亻,4
窛,竹,0
唚,口,0
頜,页,0
粟,米,12
萤,艹,11
梧,木,11
劫,力,7
醭,酉,0
咯,口,9
庳,广,0
鶵,隹,0
覽,见,0
格,木,10
剀,刂,0
病,疒,10
蝎,虫,0
郗,阝,0
埙,土,0
畚,田,10
姝,女,0
鳟,鱼,20
慢,忄,14
武,止,8
俩,亻,9
浪,氵,10
瓯,瓦,0
驰,马,6
绳,纟,11
惷,虫,0
櫻,木,0
佾,亻,0
錁,钅,0
犀,尸,12
锅,钅,12
堇,土,0
鼉,黽,0
纈,纟,0
脍,月,10
悌,忄,0
檐,木,17
专,一,4
沔,氵,0
鎖,钅,0
眙,目,0
墜,土,0
挡,扌,9
攥,扌,0
讦,讠,0
漩,氵,14
亨,亠,7
儭,亻,0
鸳,鸟,10
崵,山,0
耷,耳,0
註,言,0
谿,谷,0
癃,疒,0
铄,钅,0
硇,石,0
密,宀,11
手,手,4
背,月,9
湓,氵,0
静,青,14
盘,皿,11
饝,饣,0
屟,尸,0
荡,艹,9
擤,扌,17
轩,车,7
滨,氵,13
僬,亻,0
韮,韭,0
筱,竹,0
峴,山,0
菶,艹,0
藺,艹,0
劁,刂,0
馇,饣,0
薏,艹,0
明,日,8
输,车,13
栒,木,0
熗,火,0
刖,刂,0
吚,口,0
綟,糹,0
枣,木,8
蔤,艹,0
榧,木,0
骱,骨,0
徳,彳,0
鲵,鱼,0
蚹,虫,0
狁,犭,0
區,匚,0
遂,辶,12
啄,口,11
绉,纟,8
彈,弓,0
虎,虎,8
法,氵,8
釗,钅,0
牖,片,0
鯛,鱼,0
瑚,王,13
繞,纟,0
蟣,虫,0
恢,忄,9
橦,木,0
汪,氵,7
酬,酉,13
翳,羽,0
塲,土,0
懷,忄,0
蝸,虫,0
乾,乙,0
鈁,钅,0
玀,犭,0
圃,囗,10
备,夂,8
羈,罒,0
耍,而,9
訑,言,0
谕,讠,11
涔,氵,10
銖,钅,0
瘙,疒,0
钚,钅,0
砝,石,10
妜,女,0
麞,犭,0
戡,戈,0
肢,月,8
搥,扌,0
誦,讠,0
温,氵,12
侨,亻,8
錫,钅,0
貪,贝,0
倭,亻,0
锯,钅,13
皮,皮,5
娱,女,10
碲,石,0
脷,月,0
抶,扌,0
撺,扌,0
贿,贝,10
睃,目,0
僂,亻,0
祇,礻,0
捋,扌,0
臌,月,0
敏,攵,11
诐,讠,0
孛,子,0
揠,扌,12
旤,礻,0
蹩,足,0
灭,火,5
寰,宀,16
飲,饣,0
巴,巳,4
軾,车,0
喁,口,0
邃,辶,17
厅,厂,4
麇,鹿,0
紆,纟,0
蒋,艹,12
笊,竹,0
芏,艹,0
愎,忄,0
鸜,鸟,0
窟,穴,13
患,心,11
溧,氵,0
咫,尸,9
鞭,革,18
墳,土,0
膹,月,0
辽,辶,5
渼,氵,0
呀,口,7
珅,王,0
剄,刂,0
秉,丿,8
魊,虫,0
腎,月,0
淑,氵,11
毕,比,6
獚,犭,0
忝,小,0
髟,髟,0
神,礻,9
浦,氵,10
歪,一,9
陬,阝,0
狯,犭,0
兮,八,4
驴,马,7
曷,曰,0
泻,氵,8
蹼,足,19
锁,钅,12
璀,王,15
犄,牜,12
餉,饣,0
蜍,虫,13
暌,日,0
沐,氵,7
檔,木,0
焙,火,12
傘,人,0
鎚,钅,0
缝,纟,13
府,广,8
馞,香,0
攡,扌,0
螢,艹,0
挥,扌,9
鐫,钅,0
讪,讠,5
圭,土,6
羲,羊,16
掺,扌,11
伽,亻,7
铀,钅,10
灃,氵,0
埂,土,10
繇,糸,0
飈,风,0
桓,木,10
諔,言,0
噗,口,0
烘,火,10
络,纟,9
蕡,艹,0
擠,扌,0
荥,艹,0
囬,囗,0
統,纟,0
峰,山,10
筵,竹,12
藶,艹,0
龇,齿,0
墉,土,0
薋,艹,0
怎,心,9
覓,见,0
吖,口,0
鄘,阝,0
刚,刂,6
堞,土,0
澧,氵,0
喫,口,0
鲱,鱼,0
細,纟,0
妳,亻,0
陂,阝,0
磉,石,0
奈,大,8
驊,马,0
蹒,足,17
牚,牙,0
臣,臣,6
痫,疒,0
鵰,隹,0
干,干,3
魴,鱼,0
腸,月,0
添,氵,11
轼,车,10
毿,毛,0
玄,亠,5
谑,讠,11
訕,讠,0
銚,钅,0
縝,纟,0
徜,彳,11
颞,页,0
搡,扌,0
戥,戈,0
栩,木,10
锫,钅,0
嘭,口,0
錯,钅,0
炮,火,9
就,"亠
",12
餳,饣,0
纲,纟,7
蜷,虫,14
贻,贝,9
丽,一,7
謿,口,0
梾,木,0
罇,木,0
駈,马,0
捏,扌,10
跐,足,0
楓,木,0
诔,讠,0
块,土,7
嵛,山,0
孟,子,8
葡,艹,12
无,一,4
佧,亻,0
衩,衤,0
槨,木,0
癭,疒,0
郮,阝,0
巰,工,0
黲,黑,0
恹,忄,0
裾,衤,0
銃,钅,0
内,冂,4
鲇,鱼,0
缆,纟,12
安,宀,6
蚋,虫,0
挎,扌,0
侑,亻,0
誓,言,14
洒,氵,9
圖,囗,0
纛,糸,0
碟,石,14
沧,氵,7
伦,亻,6
閭,门,0
琬,王,0
傯,亻,0
媳,女,13
破,石,10
莹,艹,10
矁,目,0
镂,钅,14
築,竹,0
饊,饣,0
濑,氵,0
乐,丿,5
铗,钅,0
叙,又,9
黛,黑,17
川,丿,3
食,飠,9
筞,竹,0
苣,艹,0
敢,攵,11
賧,贝,0
潦,氵,15
盫,皿,0
烯,火,11
卮,厄,0
鹰,鸟,18
顴,页,0
擷,扌,0
艸,艹,0
滻,氵,0
霁,雨,0
皀,白,0
刃,刀,3
鄅,阝,0
將,寸,0
鬉,髟,0
窈,穴,10
源,氵,13
梔,木,0
醚,酉,0
岜,山,0
鮞,鱼,0
薢,艹,0
辦,力,0
親,亠,0
逯,辶,0
玮,王,8
弱,弓,10
網,网,0
架,木,9
憺,忄,0
雀,小,11
郄,阝,0
忆,忄,4
髈,月,0
晋,日,10
姊,女,7
裔,衣,13
呗,口,0
幛,巾,0
鵝,鸟,0
糜,米,17
曠,日,0
腥,月,13
譩,言,0
櫨,木,0
罱,罒,0
鷲,鸟,0
蟶,虫,0
课,讠,10
傅,亻,12
鶇,鸟,0
螋,虫,0
膏,月,14
戎,戈,0
云,二,4
讓,讠,0
疗,疒,7
嘖,口,0
錘,钅,0
倚,亻,10
掣,手,12
涧,氵,10
並,干,0
謨,讠,0
垫,土,9
钭,钅,0
甬,用,0
冯,冫,5
缰,纟,16
害,宀,10
礴,石,21
芹,艹,7
貽,贝,0
洼,氵,9
址,土,7
兄,儿,5
鹆,鸟,0
操,扌,16
滑,氵,12
佐,亻,7
棕,木,12
癖,疒,0
務,力,0
駟,马,0
穞,禾,0
矫,矢,11
镬,钅,0
剮,刂,0
篳,竹,0
饴,饣,8
旷,日,7
荸,艹,0
槿,木,15
阁,门,9
瞀,目,0
匃,一,0
逅,辶,9
熄,火,14
崇,山,11
萍,艹,11
斌,文,0
澐,氵,0
蠕,虫,20
榔,木,12
厘,厂,9
簝,竹,0
骞,马,13
急,心,9
躦,足,0
権,木,0
袪,衤,0
吭,口,7
鄯,阝,0
帱,巾,0
粲,米,0
堵,土,11
蔷,艹,14
輻,车,0
檾,艹,0
獃,口,0
哂,口,0
运,辶,7
啗,口,0
鱝,鱼,0
緜,纟,0
柠,木,9
懤,忄,0
詩,讠,0
瑭,王,0
嗬,口,0
鋮,钅,0
硵,石,0
批,扌,7
胺,月,0
汽,氵,7
諾,讠,0
妁,女,0
鲃,鱼,0
待,彳,9
喉,口,12
袋,衣,11
躏,足,0
洎,氵,0
蒓,艹,0
窗,穴,12
外,夕,5
沣,氵,0
萨,艹,11
鮭,鱼,0
稬,米,0
庯,广,0
咳,口,9
鞵,革,0
瘴,疒,0
永,水,5
莽,艹,10
私,禾,7
魂,鬼,13
翅,羽,10
幄,巾,0
酆,阝,0
痉,疒,0
呈,口,7
母,母,5
赎,贝,12
懑,心,0
荒,艹,9
祖,礻,9
郛,阝,0
罚,罒,9
雟,隹,0
賣,十,0
止,止,4
俥,亻,0
苧,艹,0
杪,木,0
马,马,3
绯,纟,0
卲,卩,0
陴,阝,0
豸,豸,0
惻,忄,0
替,曰,12
餁,饣,0
切,刀,4
锉,钅,0
璈,王,0
脑,月,10
蜕,虫,13
首,首,9
紙,纟,0
岘,山,0
龚,龙,0
猝,犭,0
订,讠,4
交,亠,6
膦,月,0
攩,扌,0
頫,亻,0
嬭,女,0
鸯,鸟,10
綮,糸,0
鐳,钅,0
玲,王,9
耻,耳,10
蘿,艹,0
籃,竹,0
寂,宀,11
黄,黄,11
片,片,4
准,冫,10
蛔,虫,0
棠,木,12
滤,氵,13
蕩,艹,0
筭,竹,0
僰,人,0
围,囗,7
觶,角,0
浹,氵,0
迺,丿,0
墁,土,0
稂,禾,0
鎇,钅,0
瀆,氵,0
見,见,0
瘊,疒,0
辏,车,0
戒,戈,7
算,竹,14
堖,土,0
熛,火,0
帚,巾,0
瞟,目,16
吞,口,7
涣,氵,10
控,扌,11
妫,女,0
第,竹,11
邱,阝,7
焰,火,12
喳,口,12
眴,目,0
芽,艹,7
磁,石,14
驂,马,0
绅,纟,8
瓉,王,0
豎,立,0
惑,心,12
硖,石,0
峙,山,9
繚,纟,0
勝,月,0
瑞,王,0
跣,足,0
以,人,4
菧,艹,0
秫,禾,0
魬,魚,0
酰,酉,0
割,刂,12
靴,革,13
荼,艹,10
柿,木,9
頁,页,0
禀,示,13
崃,山,0
鐉,釒,0
伏,亻,6
耑,一,0
憐,忄,0
颖,页,13
爝,火,0
钞,钅,9
校,木,10
渥,氵,12
餫,饣,0
蚪,虫,10
娭,女,0
鼯,鼠,0
粮,米,13
嘵,口,0
謷,言,0
溺,氵,13
蜿,虫,14
撾,扌,0
絃,弓,0
嫂,女,12
闈,门,0
囊,一,22
诌,讠,0
字,宀,6
坟,土,7
衡,行,16
槠,木,0
濤,氵,0
葩,艹,0
旨,日,6
寬,宀,0
凰,几,11
埴,土,0
裶,衣,0
汹,氵,7
軺,车,0
宁,宀,5
麃,鹿,0
嶅,山,0
邇,辶,0
蚓,虫,10
愒,心,0
碗,石,13
嬖,女,0
犛,牜,0
圞,囗,0
谤,讠,0
馭,马,0
砬,石,0
爰,爫,0
嚳,口,0
琴,王,12
边,辶,5
游,氵,12
膽,月,0
怼,心,0
篁,竹,0
婀,女,0
屄,尸,0
鍆,钅,0
镊,钅,0
槍,木,0
轎,车,0
揑,扌,0
策,竹,12
忙,忄,6
凝,冫,16
铟,钅,0
睞,目,0
胧,月,9
顬,页,0
糯,米,20
窀,穴,0
布,巾,5
霉,雨,15
皈,白,0
茑,艹,0
蔕,艹,0
缙,纟,0
鶚,鸟,0
傜,亻,0
鞞,革,0
次,欠,6
津,氵,9
騫,马,0
薪,艹,16
夭,大,4
匱,匚,0
阳,阝,6
唵,口,0
舻,舟,0
髀,骨,0
繃,纟,0
鳄,鱼,17
叆,厶,0
橋,木,0
裌,衤,0
俎,人,9
晓,日,10
齙,齿,0
绘,纟,9
剛,刂,0
酝,酉,11
烜,火,0
祭,示,11
壬,士,4
勰,力,0
诶,讠,0
跺,足,13
蟾,虫,19
龃,齿,0
砂,石,9
醇,酉,15
爆,火,19
琊,王,0
渎,氵,0
螓,虫,0
怒,心,9
娖,女,0
玛,王,7
尚,小,8
鄜,阝,0
疟,疒,8
嘞,口,0
澣,氵,0
贤,贝,8
憧,忄,15
蜨,虫,0
宫,宀,9
礬,石,0
銱,钅,0
钵,钅,10
甴,田,0
漸,氵,0
肽,月,0
孀,女,0
糅,米,0
鑊,钅,0
棍,木,12
聒,耳,12
擕,扌,0
僝,亻,0
癞,疒,18
桢,木,10
臧,臣,0
扦,扌,0
饬,饣,0
緯,纟,0
幮,巾,0
鍰,钅,0
石,石,5
偲,亻,0
轸,车,0
腼,月,13
騁,马,0
简,竹,13
弃,廾,7
儇,亻,0
阉,门,0
蠍,虫,0
掐,扌,11
骖,马,0
徘,彳,11
鲚,鱼,0
瀝,氵,0
农,冖,6
模,木,14
袢,衤,0
芦,艹,7
鴯,鸟,0
吵,口,7
丹,丿,4
暾,日,0
鯀,鱼,0
煇,车,0
韈,衤,0
觌,见,0
浏,氵,9
从,人,4
杓,木,0
套,大,10
翘,羽,12
燜,火,0
啟,口,0
詡,讠,0
佣,亻,7
淤,氵,0
硭,石,0
姬,女,10
台,口,5
諶,讠,0
俸,亻,10
賺,贝,0
恽,忄,0
蛾,虫,13
嶁,山,0
颃,页,0
缂,纟,0
宅,宀,6
甆,瓦,0
冉,冂,5
猊,犭,0
侍,亻,8
椎,木,12
肓,月,0
崖,山,11
領,页,0
璛,王,0
阜,阜,0
犟,牛,0
谠,讠,0
梣,木,0
伢,亻,0
暧,日,0
耨,耒,0
岫,山,0
媯,女,0
琰,王,0
傳,亻,0
鎵,钅,0
亷,广,0
核,木,10
螽,虫,17
昼,一,9
局,尸,7
篅,竹,0
镆,钅,0
燉,火,0
偈,亻,0
鍊,火,0
乌,丿,4
姙,女,0
铛,钅,11
筚,竹,0
埝,土,0
鋟,钅,0
煞,灬,13
裣,衤,0
潢,氵,14
敦,攵,12
鹬,鸟,17
端,立,14
奮,大,0
鑰,钅,0
鉴,金,13
滷,卜,0
擻,扌,0
虼,虫,0
拿,手,10
堃,土,0
窄,穴,10
鄉,乙,0
蔑,艹,14
茕,艹,0
礙,石,0
鮚,鱼,0
辢,辛,0
莪,艹,0
弭,弓,0
禮,礻,0
唱,口,11
殺,木,0
憾,忄,16
癇,疒,0
嗆,口,0
郈,阝,0
及,丿,3
軌,车,0
蓐,艹,0
苔,艹,8
幗,巾,0
呛,口,7
赡,贝,0
泠,氵,0
腩,月,0
惨,忄,11
廬,广,0
畱,田,0
韲,齐,0
獵,犭,0
楹,木,0
诺,讠,10
臾,臼,0
岁,山,6
縂,心,0
理,王,11
趋,走,12
爊,火,0
亍,二,0
栎,木,0
羗,羊,0
尖,小,6
霜,雨,17
玟,王,0
丢,丿,6
枧,木,0
缬,纟,0
钱,钅,10
田,田,5
决,冫,6
猴,犭,12
糁,米,0
鹂,鸟,12
竅,穴,0
先,儿,6
佌,亻,0
拕,扌,0
壙,土,0
囝,囗,0
鏟,钅,0
灞,氵,0
解,角,13
扪,扌,0
齬,齿,0
篯,竹,0
镰,钅,18
噲,口,0
旻,日,0
蝼,虫,0
揿,扌,0
騅,马,0
箄,竹,0
圇,囗,0
选,辶,9
熈,灬,0
澌,氵,0
萑,艹,0
斐,文,12
妘,女,0
骚,马,12
垜,土,0
氡,气,0
怩,忄,0
芪,艹,0
席,巾,10
鬯,鬯,0
吱,口,7
皲,皮,0
輷,车,0
蔻,艹,14
鷀,鸟,0
祃,礻,0
睇,目,0
哆,口,0
测,氵,9
藐,艹,0
菔,艹,0
彗,彐,11
顙,页,0
秘,禾,10
陝,阝,0
矜,矛,0
卟,卜,0
象,⺈,11
聩,耳,0
繭,艹,0
飮,饣,0
雲,二,0
牵,牛,9
諺,讠,0
征,彳,8
紂,纟,0
钇,钅,0
厉,厂,5
躋,足,0
焊,火,11
攒,扌,0
粗,米,11
多,夕,6
檣,木,0
舨,舟,0
庫,广,0
鞱,韦,0
瘰,疒,0
劳,力,7
醵,酉,0
讹,讠,6
翁,羽,10
鵂,鸟,0
塄,土,0
珉,王,0
酊,酉,0
譎,讠,0
柑,木,9
蕒,艹,0
鳗,鱼,19
雛,隹,0
祚,礻,0
嗝,口,0
郟,阝,0
信,亻,9
绫,纟,0
慪,忄,0
磯,石,0
陰,阝,0
狳,犭,0
遴,辶,15
泷,氵,0
佶,亻,0
娃,女,9
餅,饣,0
下,一,3
贍,贝,0
沌,氵,7
悔,忄,10
笙,竹,11
鎞,釒,0
鸫,鸟,10
膪,月,0
崭,山,11
鈳,钅,0
疲,疒,10
谷,谷,7
澶,氵,0
耿,耳,10
飄,风,0
鋈,金,0
湋,氵,0
蛐,虫,0
打,扌,5
噛,口,0
镝,钅,0
瓜,瓜,5
轡,车,0
滠,氵,0
荩,艹,0
拨,扌,8
峬,山,0
鯮,魚,0
困,囗,7
闲,门,7
歹,歹,4
菾,艹,0
鮃,鱼,0
墅,土,14
劉,刂,0
辋,车,0
規,见,0
莓,艹,10
搒,扌,0
帖,巾,8
熟,灬,15
斧,斤,8
茨,艹,9
鲭,鱼,0
紬,糹,0
妯,女,0
隱,阝,0
邵,阝,7
誹,讠,0
欸,欠,0
蒽,艹,0
绁,纟,0
彀,弓,0
磅,石,15
奄,大,8
陆,阝,7
午,十,4
詎,讠,0
葒,艹,0
惕,忄,11
鷗,鸟,0
繖,人,0
哝,口,0
仡,亻,0
诣,讠,0
晦,日,11
恪,忄,0
鵬,鸟,0
积,禾,10
呲,齿,0
酴,酉,0
混,氵,11
懿,心,22
項,页,0
禄,礻,12
唇,口,10
鈉,钅,0
谍,讠,0
涌,氵,10
蘑,艹,0
析,木,8
耕,耒,10
憔,忄,15
官,宀,8
颚,页,0
喜,士,12
渡,氵,12
侠,亻,8
貢,贝,0
戩,戈,0
肪,月,8
窮,穴,0
嘱,口,15
錳,钅,0
贷,贝,9
溶,氵,13
蜻,虫,14
鏈,钅,0
潋,氵,0
僊,亻,0
跌,足,12
嵗,山,0
篘,竹,0
坛,土,7
濠,氵,0
补,衤,7
癱,疒,0
铲,钅,11
灵,火,7
凴,几,0
軶,车,0
橹,木,16
摽,扌,0
苾,艹,0
撃,凵,0
茂,艹,8
輊,车,0
锎,钅,0
帔,巾,0
芗,艹,0
瀠,氵,0
钣,钅,0
瘤,疒,15
骧,马,0
掭,扌,0
般,舟,10
榱,木,0
踴,足,0
疹,疒,10
鐸,钅,0
场,土,6
崾,山,0
臁,月,0
捂,扌,0
蟅,虫,0
畎,田,0
駑,马,0
筒,竹,12
拗,扌,0
腖,月,0
蝚,虫,0
滟,氵,0
赞,贝,16
瓣,瓜,19
噤,口,0
屨,尸,0
胫,月,0
齪,齿,0
扬,扌,6
俵,亻,0
湴,氵,0
黿,黽,0
愁,心,13
颐,页,13
缕,纟,12
枚,木,8
謝,讠,0
涞,氵,0
鄡,阝,0
吣,口,0
玢,王,0
怫,忄,0
是,日,9
薮,艹,0
讲,讠,6
爷,父,6
咸,戈,9
砻,石,0
葃,艹,0
曄,日,0
運,辶,0
契,大,9
磐,石,0
鱓,鱼,0
录,彐,8
绔,纟,0
教,攵,11
諜,讠,0
郠,阝,0
叢,一,0
睥,目,0
姦,女,0
忪,忄,7
荭,艹,0
旮,日,0
轵,车,0
广,广,3
斃,比,0
舂,臼,11
殇,歹,0
蠆,虫,0
踊,足,14
鐎,釒,0
經,纟,0
弔,口,0
攘,扌,20
辟,辛,13
閣,门,0
鮧,魚,0
岩,山,8
茬,艹,0
梱,木,0
褰,衣,0
輴,車,0
璹,王,0
锸,钅,0
鬼,鬼,9
尾,尸,7
胁,月,8
框,木,10
賉,忄,0
凋,冫,10
埏,土,0
飑,风,0
巓,山,0
聖,土,0
槛,木,14
虚,虍,11
濟,氵,0
兠,儿,0
痣,疒,0
鉢,钅,0
坤,土,8
顦,忄,0
鹪,鸟,0
蟯,虫,0
跳,足,13
仵,亻,0
潴,氵,0
鏷,钅,0
畸,田,13
态,心,8
膀,月,14
螄,虫,0
爍,火,0
鎌,钅,0
咎,口,8
砑,石,0
馐,饣,13
媒,女,12
悖,忄,10
訝,讠,0
伟,亻,6
逡,辶,0
唣,口,0
犢,牜,0
鰩,鱼,0
愫,忄,0
纪,纟,6
术,木,5
洳,氵,0
課,讠,0
猷,犬,0
邶,阝,0
鲾,鱼,0
蕃,艹,15
柄,木,9
酋,酉,0
前,丷,9
珌,王,0
塑,土,13
鵓,鸟,0
幕,巾,13
翔,羽,12
诜,讠,0
勢,力,0
癥,疒,0
韤,衤,0
籩,竹,0
廪,广,0
蹵,足,0
卷,㔾,8
鑹,钅,0
驽,马,0
糾,纟,0
脂,月,10
丈,一,3
犋,牜,0
贊,贝,0
倌,亻,10
霎,雨,16
纓,纟,0
餒,饣,0
尔,小,5
隣,阝,0
琤,王,0
颧,页,0
復,夂,0
耬,耒,0
涵,氵,11
谴,讠,15
禽,人,12
頼,贝,0
菁,艹,11
歆,欠,0
勋,力,9
浊,氵,9
重,丿,9
哏,口,0
廓,广,13
櫛,木,0
蕚,艹,0
剠,黑,0
監,皿,0
酢,酉,0
呤,口,0
磧,石,0
幨,巾,0
苫,艹,0
鵪,鸟,0
恬,忄,9
蓯,艹,0
汴,氵,7
培,土,11
癸,癶,9
髻,髟,16
硼,石,13
持,扌,9
攅,扌,0
漉,氵,14
笑,竹,10
骐,马,0
妒,女,7
鲔,鱼,0
掖,扌,0
錡,釒,0
嘣,口,0
锥,钅,13
箦,竹,0
覲,见,0
瀷,氵,0
稻,禾,15
墼,土,0
簿,竹,19
擄,扌,0
滈,氵,0
鉋,刂,0
免,刀,7
孑,子,0
蛘,虫,0
楝,木,0
補,衤,0
俞,人,0
略,田,11
铤,钅,0
實,宀,0
罩,罒,13
黨,儿,0
腭,月,0
乳,乚,8
槲,木,0
赵,走,9
偷,亻,11
珶,王,0
婻,女,0
饽,饣,0
屿,山,6
榇,木,0
王,王,4
谊,讠,10
儌,亻,0
疏,疋,12
阎,门,11
頒,页,0
崔,山,11
膗,月,0
讛,口,0
趟,走,15
务,力,5
鞣,革,0
缨,纟,0
悭,忄,0
脬,月,0
贴,贝,9
制,刂,8
霸,雨,21
餼,饣,0
苁,艹,0
恂,忄,0
友,又,4
汊,氵,0
嗏,口,0
髑,骨,0
硒,石,0
鳕,鱼,0
艖,舟,0
毛,毛,4
葚,艹,12
淟,氵,0
占,卜,5
矣,矢,7
遢,辶,0
啤,口,11
秧,禾,10
迳,辶,0
浴,氵,10
釷,钅,0
囹,囗,0
壽,寸,0
祼,礻,0
搅,扌,12
薄,艹,16
辈,车,12
瀍,氵,0
醌,酉,0
嚎,口,17
鮐,鱼,0
墒,土,0
簕,竹,0
抖,扌,7
圣,又,5
大,大,3
窦,穴,13
鸩,鸟,0
挫,扌,10
粪,米,12
支,支,4
漳,氵,14
钺,钅,0
紿,纟,0
麾,麻,0
揀,扌,0
旄,方,0
襇,衤,0
义,丶,3
鍋,钅,0
镏,钅,0
展,尸,10
緔,纟,0
觜,角,0
仞,亻,5
牡,牜,7
僢,亻,0
嫦,女,14
繩,纟,0
峪,山,10
話,讠,0
佳,亻,8
棲,木,0
具,八,8
顽,页,10
绾,纟,0
悃,忄,0
蜂,虫,13
璋,王,15
謊,讠,0
嘌,口,0
犏,牜,0
碓,石,0
貛,犭,0
依,亻,8
琠,王,0
那,阝,6
厥,厂,0
妩,女,0
枭,木,0
谰,讠,0
伲,亻,0
段,殳,9
訴,讠,0
熹,灬,16
逸,辶,11
区,匚,4
羽,羽,6
夾,衤,0
藁,艹,0
杂,木,6
菅,艹,0
仇,亻,4
浆,水,10
觉,见,9
煎,灬,13
壓,厂,0
蕖,艹,0
泛,氵,7
荚,艹,9
乜,乙,0
櫟,木,0
襞,衣,0
面,面,9
继,纟,10
苯,艹,0
汰,氵,7
裳,衣,14
雷,雨,13
凹,丨,5
灸,火,7
忽,心,8
繼,纟,0
芄,艹,0
袈,衣,0
眍,目,0
鲐,鱼,0
徒,彳,10
笕,竹,0
脙,月,0
輝,车,0
锡,钅,13
倣,彳,0
瞢,目,0
帧,巾,0
綦,糸,0
箪,竹,0
栳,木,0
農,冖,0
閶,门,0
稿,禾,15
擀,扌,0
聃,耳,0
拄,扌,8
蹇,足,0
坍,土,0
鉏,钅,0
顓,页,0
孕,子,5
铠,钅,0
鋤,钅,0
左,工,5
飨,飠,12
蝭,虫,0
酹,酉,0
珺,王,0
婿,女,12
憃,心,0
澇,氵,0
谆,讠,10
疋,疋,0
訊,讠,0
圌,竹,0
玏,王,0
逎,辶,0
螗,虫,0
亝,文,0
醣,酉,0
墩,土,15
沱,氵,8
贰,贝,9
串,丨,0
檵,木,0
点,灬,9
刺,刂,8
纽,纟,7
堾,土,0
蓁,艹,0
時,日,0
汆,水,0
裉,衤,0
雍,"亠
",13
鳑,鱼,0
姓,女,8
繒,纟,0
髕,骨,0
葖,艹,0
艚,舟,0
作,亻,7
衞,卩,0
院,阝,9
卤,卤,7
奨,大,0
驪,马,0
華,十,0
觳,角,0
歴,厂,0
價,亻,0
煸,火,0
鯿,鱼,0
搁,扌,12
戅,心,0
栉,木,9
瘍,疒,0
簑,艹,0
撖,扌,0
耙,耒,10
抚,扌,7
踝,足,15
鈥,钅,0
弧,弓,8
粦,石,0
攫,扌,0
振,扌,10
肮,月,0
躲,身,13
眷,目,11
钶,钅,0
徼,彳,0
揄,扌,0
槈,耒,0
噍,口,0
屑,尸,10
婕,女,0
恙,心,0
臘,月,0
远,辶,7
团,囗,6
鏤,钅,0
峦,山,9
嫪,女,0
惮,忄,11
滲,氵,0
詵,讠,0
坷,土,8
瓶,瓦,10
狺,犭,0
鹽,皿,0
孿,子,0
抃,扌,0
皋,白,0
褊,衤,0
同,冂,6
帐,巾,7
窓,穴,0
蒗,艹,0
战,戈,9
袟,巾,0
垡,土,0
瘠,疒,15
銣,钅,0
冥,冖,10
鲧,鱼,0
稨,禾,0
断,斤,11
萬,一,0
玹,王,0
鈸,钅,0
儺,亻,0
綽,纟,0
嬾,忄,0
敂,口,0
潆,氵,0
诉,讠,7
楊,木,0
像,亻,13
獎,大,0
駕,马,0
滛,氵,0
腚,月,0
棟,木,0
噠,口,0
镢,钅,0
糧,米,0
齦,齿,0
饪,饣,7
胯,月,0
俱,亻,10
諳,讠,0
桴,木,0
铷,钅,0
叹,口,5
黻,黹,0
巽,饣,0
籼,米,0
蚀,虫,9
肄,聿,0
來,木,0
甍,瓦,0
钌,钅,0
缑,纟,0
麐,鹿,0
嶒,山,0
颔,页,0
丛,一,5
憚,忄,0
贝,贝,4
殞,歹,0
霡,雨,0
疢,疒,0
尧,兀,6
鬩,门,0
禪,礻,0
怯,忄,8
趲,走,0
縻,糸,0
醺,酉,21
豇,豆,0
櫈,几,0
陋,阝,8
瓌,王,0
遏,辶,12
绐,纟,0
奕,大,9
磔,石,0
苘,艹,0
賜,贝,0
睡,目,13
雠,隹,0
郤,阝,0
筩,竹,0
髨,髟,0
姪,亻,0
蕭,艹,0
揮,扌,0
轱,车,0
呷,口,0
矶,石,7
幻,幺,4
鵽,鳥,0
篾,竹,17
掃,扌,0
涇,氵,0
瞋,目,0
蠊,虫,0
熏,灬,14
鈎,钅,0
鰒,鱼,0
夔,夂,0
辛,辛,7
眠,目,10
鎣,艹,0
傥,亻,0
笨,竹,11
播,扌,15
蔬,艹,15
溱,氵,0
梵,木,11
褴,衤,0
嘶,口,15
犹,犭,7
錸,钅,0
债,亻,10
粽,米,14
諉,讠,0
埋,土,10
桊,木,0
铍,钅,0
减,冫,11
牎,穴,0
黑,黑,12
寓,宀,12
飕,风,13
旗,方,14
虖,口,0
聚,耳,14
槟,木,14
詞,讠,0
坠,土,7
珣,王,0
鹦,鸟,16
敬,攵,12
臯,白,0
潰,氵,0
诳,讠,0
闷,门,7
勹,勹,0
獸,丷,0
峽,山,0
駿,马,0
怅,忄,7
了,乛,2
琍,王,0
閌,门,0
縑,纟,0
龐,广,0
馔,饣,0
暖,日,13
伛,亻,0
悚,忄,10
谝,讠,0
檞,木,0
阡,阝,5
匣,匚,7
璢,王,0
崧,山,0
约,纟,6
末,木,5
碪,石,0
芮,艹,0
貲,贝,0
男,田,7
隶,隶,8
邺,阝,0
嶼,山,0
礿,礻,0
骾,鱼,0
柀,木,0
荃,艹,0
赇,贝,0
酏,酉,0
秔,米,0
菘,艹,0
汝,氵,6
癡,疒,0
釤,钅,0
穩,禾,0
鯨,鱼,0
葭,艹,0
拮,扌,9
啷,口,0
彻,彳,7
竾,竹,0
沃,氵,7
謂,讠,0
脆,月,10
蜊,虫,0
娌,女,0
纏,纟,0
錒,钅,0
嘔,口,0
氘,气,0
肛,月,7
鲣,鱼,0
琨,王,0
殭,亻,0
枵,木,0
綹,纟,0
强,弓,12
玽,王,0
唾,口,11
见,见,4
歂,欠,0
迅,辶,6
慆,忄,0
藉,艹,17
廏,厂,0
絎,纟,0
金,金,8
哓,口,0
獒,犬,0
襖,衤,0
蕞,艹,0
周,冂,8
恰,忄,9
蓳,艹,0
晴,日,12
叽,口,5
椁,木,0
躄,足,0
攉,扌,0
蒈,艹,0
验,马,10
邐,辶,0
隔,阝,12
茝,艹,0
餡,饣,0
箢,竹,0
鼥,鼠,0
锩,钅,0
瞪,目,17
港,氵,12
莲,艹,10
稷,禾,0
岸,山,8
瘿,疒,0
閾,门,0
检,木,11
滄,氵,0
艇,舟,12
顋,月,0
鹏,鸟,13
兑,丷,7
盔,皿,11
浙,氵,10
俚,亻,0
苜,艹,0
寢,宀,0
処,夂,0
铨,钅,11
淮,氵,11
腱,月,0
揲,扌,0
婷,女,12
偻,亻,0
訂,讠,0
掇,扌,0
耆,耂,0
蘊,艹,0
嬌,女,0
儐,亻,0
膛,月,15
螟,虫,16
庥,广,0
缤,纟,13
鎧,钅,0
咩,口,9
用,用,5
謬,讠,0
悱,忄,11
蜴,虫,14
粹,米,14
吾,口,7
裁,衣,12
恆,忄,0
蓉,艹,13
始,女,8
晊,日,0
忏,忄,0
郑,阝,8
嗓,口,13
牒,片,0
雕,隹,16
毗,比,0
柟,木,0
奠,大,12
緣,纟,0
驢,马,0
彤,彡,7
珧,王,0
觫,角,0
陪,阝,10
慰,心,15
杴,木,0
絸,艹,0
獼,犭,0
響,口,0
栁,木,0
清,氵,11
辄,车,11
薈,艹,0
稍,禾,12
鮌,鱼,0
瀑,氵,18
醐,酉,0
劒,刂,0
瘕,疒,0
鞔,革,0
谙,讠,11
舝,车,0
撞,扌,15
頡,页,0
鸥,鸟,9
漯,氵,0
颶,风,0
嶸,山,0
钾,钅,0
槀,木,0
赃,贝,10
久,丿,3
濄,氵,0
荇,艹,0
饋,饣,0
篌,竹,0
燐,石,0
镓,钅,0
汙,氵,0
菜,艹,11
僦,亻,0
瑩,艹,0
门,门,3
詭,讠,0
佯,亻,0
泮,氵,0
聱,耳,0
虵,虫,0
养,丷,9
绺,纟,0
坿,阝,0
溃,氵,12
褂,衤,13
茆,艹,0
蔊,艹,0
鼎,鼎,12
皓,白,12
鄒,阝,0
芛,艹,0
怜,忄,8
蒟,艹,0
审,宀,8
稠,禾,13
垩,土,9
榭,木,14
舰,舟,10
羹,羊,19
鸸,鸟,0
逼,辶,12
圾,土,6
证,讠,7
仃,亻,4
楂,木,0
捆,扌,10
嫋,衣,0
鏑,钅,0
煒,火,0
闕,门,0
棗,木,0
譖,讠,0
乘,丿,10
招,扌,8
赚,贝,14
绣,纟,10
饢,饣,0
層,尸,0
烧,火,10
器,口,16
諫,讠,0
镪,钅,0
扰,扌,7
蛳,虫,0
摴,扌,0
繸,糹,0
函,凵,8
灼,火,7
铿,钅,12
有,月,6
颌,页,0
冒,冂,9
甕,瓦,0
钔,钅,0
殖,歹,12
輙,车,0
脝,月,0
枞,木,8
玦,王,0
氯,气,12
辮,辛,0
砷,石,0
庸,广,11
爻,爻,0
傼,亻,0
琿,王,0
鞾,革,0
泄,氵,8
鱏,鱼,0
卑,十,8
狐,犭,8
啕,口,11
瓔,王,0
潙,氵,0
慝,心,0
胜,月,9
髠,髟,0
另,口,5
雨,雨,8
嗪,口,0
濮,氵,0
懲,心,0
齹,卤,0
剻,刂,0
酽,酉,0
矾,石,0
憇,心,0
舆,臼,14
箋,竹,0
萊,艹,0
綏,纟,0
匐,勹,11
递,辶,10
唔,口,10
亙,二,0
漘,氵,0
莛,艹,0
愜,忄,0
薟,艹,0
笠,竹,11
眨,目,9
梭,木,11
抱,扌,8
撵,扌,0
蔴,艹,0
娶,女,11
纹,纟,7
尺,尸,4
炽,火,9
促,亻,9
桂,木,10
賅,贝,0
蛉,虫,11
摊,扌,13
铕,钅,0
詖,讠,0
佘,人,0
豚,豕,11
虞,虍,13
翣,羽,0
顢,页,0
燧,火,0
鉦,钅,0
坨,土,0
诫,讠,9
鑪,火,0
路,足,13
整,攵,16
罸,罒,0
鏻,釒,0
樁,木,0
讀,讠,0
氅,毛,0
趄,走,0
昉,日,0
螈,虫,0
砍,石,9
傒,亻,0
閔,门,0
沚,氵,0
鰥,鱼,0
朳,木,0
育,月,8
骶,骨,0
猻,犭,0
冼,冫,0
难,隹,10
淄,氵,0
柈,木,0
塍,土,0
秌,禾,0
鵏,鳥,0
剑,刂,9
珐,王,0
靓,青,0
呕,口,7
痔,疒,0
还,辶,7
恝,心,0
穡,禾,0
壢,土,0
勦,刂,0
癩,疒,0
哪,口,9
滮,氵,0
艱,艮,0
惲,忄,0
葵,艹,12
競,立,0
鹹,石,0
糺,纟,0
遽,辶,16
盾,目,9
梃,木,0
暇,日,13
希,巾,7
吐,口,6
芟,艹,0
宥,宀,0
隧,阝,14
冩,冖,0
瀨,氵,0
踬,足,0
舴,舟,0
禹,丿,9
頸,页,0
瞽,目,0
阼,阝,0
诅,讠,0
臉,月,0
峋,山,0
祎,礻,0
滗,氵,0
赖,⺈,13
譚,讠,0
拟,扌,7
屠,尸,11
磣,石,0
盧,卜,0
镦,钅,0
賫,贝,0
鍪,金,0
俭,亻,9
胳,月,10
黷,黑,0
姹,女,0
埽,土,0
發,又,0
洁,氵,9
誄,讠,0
愉,忄,12
肈,聿,0
缍,纟,0
甑,瓦,0
钐,钅,0
垒,土,9
猕,犭,11
丗,一,0
涖,艹,0
褙,衤,0
殚,歹,12
憞,心,0
鬥,斗,0
嘧,口,0
鄩,阝,0
氫,气,0
京,亠,8
樯,木,0
怳,忄,0
螲,虫,0
縷,纟,0
嚼,口,20
爿,爿,0
绌,纟,0
啑,口,0
瓐,王,0
道,辶,12
单,丷,8
裘,衣,0
嗦,口,13
煩,火,0
部,阝,10
只,口,5
轭,车,0
蕱,竹,0
柲,木,0
荵,艹,0
幷,干,0
緶,纟,0
呻,口,8
剿,刂,0
燾,灬,0
枇,木,8
萆,艹,0
舊,日,0
頎,页,0
唐,口,10
阒,门,0
辗,车,14
薛,艹,16
岡,冂,0
素,糸,10
笤,竹,0
傩,亻,0
抵,扌,8
茴,艹,0
碹,石,0
倾,亻,10
賁,贝,0
摆,扌,13
巋,山,0
黍,黍,12
硎,石,0
铑,钅,0
癒,心,0
聞,门,0
嵠,氵,0
秣,禾,0
孤,子,8
矧,矢,0
全,人,6
跫,足,0
误,讠,9
数,攵,13
至,至,6
壹,士,12
祸,礻,11
闻,门,9
国,囗,8
亂,乙,0
樅,木,0
膈,月,0
龌,齿,0
爕,火,0
鎔,钅,0
众,人,6
蠙,虫,0
红,纟,0
璦,王,0
洫,氵,0
侬,亻,0
鲶,鱼,0
妸,女,0
画,田,8
骺,骨,0
猿,犭,13
邾,阝,0
淀,氵,11
蝇,虫,14
懈,忄,16
翌,羽,11
魏,鬼,17
痐,虫,0
晝,日,0
廢,广,0
鯤,鱼,0
哦,口,10
蹭,足,0
森,木,12
葱,艹,12
曲,"丨
",6
彷,彳,7
糶,米,0
项,工,9
啻,口,0
竺,竹,8
陽,阝,0
卿,卩,10
一,一,1
撇,扌,14
蜆,虫,0
脊,月,10
锒,钅,0
倔,亻,10
樘,木,0
搜,扌,12
肟,月,0
御,彳,12
骣,马,0
妥,女,7
砤,石,0
钧,钅,9
厩,厂,0
爨,火,0
谬,讠,13
枱,木,0
騸,马,0
夺,大,6
疽,疒,0
匾,匚,11
迁,辶,6
觅,见,8
杆,木,7
慊,忄,0
釕,钅,0
泗,氵,0
曛,日,0
惟,忄,11
荞,艹,0
竣,立,12
塤,土,0
靦,月,0
軫,车,0
酪,酉,13
裯,衤,0
晰,日,12
苳,艹,0
对,寸,5
穸,穴,0
電,田,0
嗽,口,14
漁,氵,0
椅,木,12
袄,衤,9
按,扌,9
芈,卝,7
納,纟,0
鲌,鱼,0
隐,阝,11
喒,口,0
焕,火,11
謙,讠,0
娣,女,0
綢,纟,0
吧,口,7
渫,氵,0
议,讠,5
戳,戈,18
簷,木,0
媸,女,0
瘻,疒,0
瀿,氵,0
佁,亻,0
滀,氵,0
棄,廾,0
拈,扌,8
鹋,鸟,0
糌,米,0
坑,土,7
盐,皿,10
兕,儿,0
歙,欠,0
敝,攵,11
罡,罒,0
黠,黑,18
巢,巛,11
祥,礻,10
鋨,钅,0
赭,赤,0
蝱,虫,0
噻,口,0
偿,亻,11
現,王,0
⺁,⺁,2
殃,歹,9
谂,讠,0
文,文,4
蘆,艹,0
福,礻,13
騎,马,0
玓,王,0
鐒,钅,0
儔,亻,0
攜,扌,0
缠,纟,13
礤,石,0
助,力,7
猨,犭,0
沭,氵,0
贬,贝,8
暱,日,0
悵,忄,0
帶,巾,0
璽,玉,0
锼,钅,0
求,一,7
装,衣,12
鳍,鱼,18
穎,页,0
瑒,王,0
郕,阝,0
懟,心,0
鱢,月,0
痧,疒,0
迫,辶,8
觯,角,0
杰,木,8
慴,忄,0
韻,音,0
哽,口,10
栅,木,9
簍,竹,0
咒,口,8
瀕,氵,0
萝,艹,11
鸡,鸟,7
粢,米,0
唧,口,10
漫,氵,14
蒲,艹,13
宸,宀,10
銾,水,0
激,氵,16
噑,口,0
偕,亻,11
燔,火,0
他,亻,5
橙,木,16
诘,讠,0
藜,艹,0
物,牜,8
鏨,金,0
佫,亻,0
虱,虫,8
擲,扌,0
聵,耳,0
绶,纟,0
驹,马,0
坻,土,0
磺,石,16
鑽,钅,0
倀,亻,0
璃,王,14
專,一,0
沓,水,8
且,一,5
喙,口,12
颛,页,0
宝,宀,8
麟,鹿,23
怠,心,9
氨,气,0
售,口,11
禱,礻,0
頰,页,0
嬲,女,0
方,方,4
萸,艹,11
証,讠,0
哃,口,0
祆,礻,0
鷉,鳥,0
菍,艹,0
觑,见,15
迕,辶,0
狗,犭,8
员,口,7
靚,青,0
统,纟,9
鵞,鸟,0
擣,扌,0
櫧,木,0
襦,衤,0
郫,阝,0
叭,口,5
雯,雨,0
鳳,几,0
念,人,8
苷,艹,0
摸,扌,13
橼,木,0
邀,辶,16
厂,厂,2
眅,目,0
隄,土,0
妆,女,6
紉,纟,0
鲈,鱼,0
徊,彳,9
椑,木,0
漕,氵,0
躔,足,0
列,刂,6
错,钅,13
堛,土,0
探,扌,11
蜥,虫,14
贩,贝,8
劬,力,0
户,户,4
螺,虫,17
趾,足,11
允,儿,4
烀,火,0
糈,米,0
聋,耳,11
拌,扌,8
虏,虍,8
豓,色,0
何,亻,7
滔,氵,13
留,田,10
铘,钅,0
埚,土,0
筝,竹,12
州,丶,6
胠,月,0
来,木,7
蛤,虫,12
浩,氵,10
俪,亻,0
噯,口,0
饱,饣,8
篲,彐,0
懶,忄,0
蕹,艹,0
譽,言,0
儀,亻,0
疃,田,0
圄,囗,0
箇,竹,0
順,页,0
憋,心,0
鸊,鳥,0
枏,木,0
萎,艹,11
涓,氵,10
訒,讠,0
鎗,木,0
咙,口,8
甘,甘,5
龟,刀,7
愠,忄,0
讧,讠,5
吮,口,0
碱,石,14
娲,女,10
纵,纟,7
鼴,鼠,0
撹,扌,0
蔸,艹,0
謼,口,0
郁,阝,8
雅,隹,12
寇,宀,11
鳉,鱼,0
苍,艹,7
摎,扌,0
遖,辶,0
秛,禾,0
孜,子,7
翟,羽,0
艢,木,0
毧,纟,0
釫,土,0
獬,犭,0
鷳,鸟,0
廵,巛,0
罴,罒,0
數,攵,0
歼,歹,0
劂,刂,0
瘅,疒,0
床,广,7
戍,戈,0
树,木,9
辔,车,0
北,匕,5
炖,火,8
鐙,钅,0
皚,白,0
弟,丷,7
粞,米,0
抢,扌,7
梦,夕,11
谩,讠,0
溪,氵,13
眯,目,0
钮,钅,9
紳,纟,0
蚺,虫,0
漿,米,0
偁,亻,0
燀,火,0
魇,鬼,0
屉,尸,8
腋,月,12
槐,木,13
赓,贝,0
僖,亻,0
瑙,王,13
囚,囗,5
恡,口,0
臠,肉,0
汩,氵,0
跨,足,13
八,八,2
仪,亻,5
鉭,钅,0
坯,土,0
瓮,瓦,8
顱,页,0
鹵,卜,0
惶,忄,12
使,亻,8
泾,氵,8
刀,刀,2
皃,豸,0
鄂,阝,0
各,口,6
碇,石,0
鬆,木,0
师,丨,6
褒,衣,15
邗,阝,0
瘘,疒,0
骛,马,0
妝,女,0
砜,石,0
鲟,鱼,0
蚣,虫,10
搤,扌,0
侩,亻,0
圮,土,6
箱,竹,15
騰,月,0
綵,糹,0
枹,木,0
蘸,艹,22
蠼,虫,0
伾,亻,0
鏁,钅,0
闅,门,0
壇,土,0
筆,竹,0
臍,月,0
李,木,7
译,讠,7
仓,人,4
噘,口,0
镚,钅,0
糟,米,17
棧,木,0
警,言,19
赪,赤,0
凭,几,8
铯,钅,0
穰,禾,0
巵,厄,0
籴,米,0
胷,月,0
猁,犭,0
銀,钅,0
缉,纟,12
麈,鹿,0
愍,心,0
肌,月,6
欑,木,0
貔,豸,0
倗,亻,0
玖,王,7
疚,疒,8
羞,羊,10
蔥,艹,0
輩,车,0
涪,氵,0
催,亻,13
琯,王,0
鞮,革,0
莶,艹,0
薺,艹,0
达,辶,6
十,十,2
狀,犬,0
终,纟,8
艋,舟,14
泔,氵,0
取,又,8
嗚,口,0
祝,礻,9
飜,羽,0
捡,扌,10
苠,艹,0
蓤,艹,0
矮,矢,13
平,干,5
揶,扌,0
旺,日,8
匀,勹,4
适,辶,9
唄,口,0
弈,廾,0
蠒,艹,0
嚙,口,0
墝,石,0
礜,石,0
挠,扌,9
攤,扌,0
亩,亠,7
炭,火,9
嘮,口,0
暹,日,0
举,丶,9
埃,土,10
灂,氵,0
铅,钅,10
穆,禾,16
黉,黄,0
胍,月,0
諑,讠,0
俓,亻,0
賕,贝,0
鑚,钅,0
鹞,鸟,0
槧,木,0
試,讠,0
豪,豕,14
僭,亻,0
煬,火,0
闯,门,6
嫱,女,0
读,讠,10
楼,木,13
琅,王,11
縉,纟,0
龈,齿,14
怍,忄,0
樑,木,0
讐,隹,0
氕,气,0
趔,走,0
儗,扌,0
犖,艹,0
阙,门,13
舡,舟,0
营,艹,11
檦,木,0
踩,足,15
猫,犭,11
沪,氵,7
冬,夂,5
甯,用,0
宰,宀,10
缳,纟,0
嶴,山,0
愷,忄,0
欻,欠,0
蒺,艹,0
剁,刂,0
珀,王,9
靃,雨,0
痄,疒,0
懌,忄,0
勖,力,0
哚,口,0
硝,石,12
駜,馬,0
菠,艹,11
藤,艹,18
迨,辶,0
卫,卩,3
遭,辶,14
目,目,5
驱,马,7
彳,彳,0
磲,石,0
鱵,魚,0
拶,扌,0
虹,虫,9
擺,扌,0
衽,衤,0
刄,刀,0
鴆,鸟,0
脎,月,0
梓,木,11
輒,车,0
隗,阝,0
写,冖,5
瀘,氵,0
鲛,鱼,0
骟,马,0
搠,扌,0
戤,戈,0
綱,纟,0
憹,忄,0
耸,耳,10
絆,纟,0
慎,忄,13
跑,足,12
试,讠,8
盗,皿,11
镖,钅,0
竟,立,11
饞,饣,0
赦,赤,11
铫,钅,0
埭,土,0
癬,疒,0
鋯,钅,0
己,己,3
寵,宀,0
穴,穴,5
恸,忄,0
賻,贝,0
俽,欠,0
垂,丿,8
颈,页,11
服,月,8
蚌,虫,10
嘗,小,0
疖,疒,7
鄙,阝,13
玚,王,0
娟,女,10
蔡,艹,14
枢,木,8
丧,十,8
润,氵,10
琫,王,0
殪,歹,0
醮,酉,0
莺,艹,10
啁,口,11
卅,十,4
狄,犭,7
鹇,鸟,0
奉,"一
",8
艏,舟,0
泐,氵,0
術,木,0
嗖,口,12
煙,火,0
叚,亻,0
黜,黑,0
姞,女,0
蓠,艹,0
苤,艹,0
裨,衤,0
呫,口,0
靭,韦,0
副,刂,11
燮,火,0
时,日,7
腹,月,13
载,车,10
阂,门,0
匄,一,0
鰆,魚,0
斋,文,10
掏,扌,11
備,夂,0
焘,灬,0
缜,纟,0
鮟,魚,0
膣,月,0
挤,扌,9
倮,亻,0
粱,米,13
鴰,鸟,0
脸,月,11
溽,氵,0
铁,钅,10
凃,冫,0
療,疒,0
鋅,钅,0
賑,贝,0
矗,十,24
緛,糹,0
鉚,钅,0
彜,彑,0
類,米,0
懣,心,0
虢,虍,0
闫,门,0
园,囗,7
睬,目,13
嫵,女,0
筴,竹,0
蟷,虫,0
跻,足,0
份,亻,6
潼,氵,0
诿,讠,0
門,门,0
鎄,钅,0
砉,石,0
馈,饣,12
民,乛,5
互,二,4
這,辶,0
崛,山,11
鸝,鸟,0
暢,日,0
伧,亻,0
沦,氵,7
甫,用,7
邮,阝,7
宴,宀,10
活,氵,9
芺,艹,0
酃,阝,0
齇,鼻,0
秈,米,0
蕋,艹,0
荏,艹,0
比,比,4
釘,钅,0
壞,土,0
桩,木,0
啫,口,0
卯,卩,5
女,女,3
绲,纟,0
驵,马,0
聹,冫,0
嘀,口,14
锂,钅,0
粇,米,0
娈,女,0
養,丷,0
茎,艹,8
丐,一,4
钗,钅,0
厙,厂,0
嶝,山,0
颟,页,0
映,日,9
貧,贝,0
樨,木,0
疭,疒,0
匮,匚,11
頴,页,0
舸,舟,0
韁,纟,0
勃,力,9
釅,酉,0
鯉,鱼,0
祊,礻,0
藍,艹,0
捎,扌,0
近,辶,7
浒,氵,9
靖,立,13
绛,纟,0
酚,酉,0
屜,尸,0
拣,扌,8
蕢,艹,0
车,车,4
襪,衤,0
郯,阝,0
忱,忄,7
繰,纟,0
軻,车,0
省,目,9
喂,口,12
還,辶,0
骈,马,0
妊,女,0
蒌,艹,0
躐,足,0
吗,口,6
錙,钅,0
帛,巾,8
鴝,鸟,0
蜡,虫,14
瘫,疒,15
榪,木,0
咬,口,9
鎮,钅,0
稳,禾,14
膺,月,0
设,讠,6
充,亠,6
鱇,魚,0
竈,火,0
佑,亻,7
絝,纟,0
鳜,鱼,20
寞,宀,13
条,木,7
胤,月,0
俦,亻,0
噫,口,0
镭,钅,18
珮,王,0
緲,纟,0
饵,饣,9
懺,忄,0
億,亻,0
嬈,女,0
枋,木,0
頊,页,0
憏,忄,0
伐,亻,6
殓,歹,11
谒,讠,0
龛,龙,11
紜,纟,0
愤,忄,12
锬,钅,0
刮,刂,8
纱,纟,7
尲,尢,0
抹,扌,8
茸,艹,9
沽,氵,8
贼,贝,10
雁,厂,12
參,厶,0
郅,阝,0
巇,山,0
繆,纟,0
蓍,艹,0
扎,扌,4
裕,衤,12
租,禾,10
揣,扌,12
蹦,足,18
韫,韦,0
哭,犬,10
罰,罒,0
藷,艹,0
浼,氵,0
瘁,疒,0
咂,口,0
瀅,氵,0
庆,广,6
稉,米,0
墊,土,0
損,扌,0
薌,艹,0
渑,氵,0
辐,车,13
覔,见,0
皖,白,0
弛,弓,6
够,夕,11
蘡,艹,0
耥,耒,0
訩,言,0
喬,丿,0
焯,火,0
銮,金,0
笳,竹,0
鲲,鱼,0
蚶,虫,0
肺,月,8
椿,木,0
噁,口,0
鍃,钅,0
燄,火,0
婉,女,11
旌,方,0
牙,牙,4
鏘,钅,0
僚,亻,14
晡,日,0
蟠,虫,18
恥,耳,0
诨,讠,0
坫,土,0
鑭,钅,0
狮,犭,9
鹱,鸟,0
孳,子,0
糲,米,0
页,页,6
艹,艹,0
佻,亻,0
惺,忄,12
堀,土,0
粃,禾,0
鄆,阝,0
合,口,6
溏,氵,0
撓,扌,0
骗,马,12
嶙,山,0
邛,阝,0
厝,厂,10
侥,亻,8
渤,氵,12
芧,艹,0
箭,竹,15
崮,山,0
熱,灬,0
匲,大,0
瞵,目,0
阴,阝,6
伺,亻,7
駁,马,0
勇,力,9
词,讠,7
济,氵,9
臑,月,0
蟕,虫,0
烛,火,10
剜,刂,0
盟,皿,13
镞,钅,0
泣,氵,8
拧,扌,0
腦,月,0
飫,饣,0
穬,禾,0
黯,黑,21
凱,几,0
灰,火,6
铳,钅,11
諷,讠,0
扼,扌,7
礁,石,17
颀,页,0
缅,纟,12
针,钅,7
肐,骨,0
朕,月,10
羚,羊,11
嘟,口,13
褡,衤,0
輥,车,0
枪,木,8
傰,亻,0
琳,王,12
嚴,一,0
樷,一,0
总,心,9
奁,大,0
组,纟,8
啉,口,0
瓈,王,0
蹏,足,0
姖,女,0
鳘,鱼,0
鋜,钅,0
軤,车,0
填,土,13
酱,酉,13
味,口,8
珲,王,0
濺,氵,0
荽,艹,0
綃,纟,0
弄,廾,7
率,亠,11
逆,辶,9
阊,门,0
谎,讠,11
斓,文,16
舒,人,12
岙,山,0
醛,酉,0
劝,力,4
猜,犭,11
椠,木,0
趣,走,15
亥,亠,6
漤,氵,0
莧,艹,0
窭,穴,0
鬬,斗,0
炱,火,0
鄰,阝,0
油,氵,8
贸,贝,9
为,丶,4
抽,扌,8
茼,艹,9
铉,钅,0
癊,疒,0
諍,讠,0
俏,亻,9
汎,氵,0
扒,扌,5
蛕,虫,0
嵘,山,12
鹚,鸟,0
卜,卜,2
詢,讠,0
佤,亻,0
僱,隹,0
闳,门,7
囵,囗,7
请,讠,10
浸,氵,10
臻,至,0
码,石,8
馀,饣,0
龄,齿,13
琉,王,11
讌,宀,0
昕,日,0
嬗,女,0
土,土,3
璞,王,16
蠡,虫,0
悦,忄,10
萩,艹,0
礫,石,0
宬,宀,0
缯,纟,0
鲮,鱼,0
冰,冫,6
申,丨,5
銲,火,0
垴,土,0
欷,欠,0
躺,身,15
蒾,艹,0
秀,禾,7
幅,巾,12
翄,羽,0
鍇,钅,0
痈,疒,0
柔,木,9
廚,厂,0
牝,牜,0
鏜,钅,0
哞,口,0
桡,木,0
迤,辶,8
摩,手,15
藨,艹,0
驭,马,5
狲,犭,0
陵,阝,10
棶,木,0
豹,豸,10
艽,艹,0
擾,扌,0
娀,女,0
餂,飠,0
射,身,10
錆,钅,0
嘈,口,14
锊,钅,0
沏,氵,7
脒,月,0
颗,页,14
徙,彳,11
瀜,氵,0
钟,钅,9
樠,木,0
氤,气,0
肧,月,0
昨,日,9
儲,亻,0
疵,疒,11
澹,氵,16
踸,足,0
耼,耳,0
鯁,鱼,0
獆,口,0
韉,革,0
畊,耒,0
菑,艹,0
藕,艹,18
幘,巾,0
停,亻,11
瓟,瓜,0
非,非,8
襢,衤,0
惧,忄,11
荦,艹,0
髫,髟,0
蕪,艹,0
硬,石,12
叱,口,0
雳,雨,12
嗵,口,0
苻,艹,8
恼,忄,9
蓿,艹,0
骀,马,0
如,女,6
紅,纟,0
历,厂,4
眉,目,9
隈,阝,0
喊,口,12
植,木,12
挑,扌,9
芐,艹,0
鼙,鼓,0
创,刂,6
吟,口,7
瞞,目,0
謡,讠,0
败,贝,8
蜩,虫,0
瘳,疒,0
咴,口,0
样,木,10
讶,讠,6
亸,亠,0
趺,足,0
搿,手,0
鹃,鸟,12
遇,辶,12
盈,皿,9
拐,扌,8
擔,扌,0
默,黑,16
郜,阝,0
歡,欠,0
賤,贝,0
杩,木,0
饭,饣,7
屯,一,4
翮,羽,0
镵,钅,0
轹,车,0
淺,氵,0
腽,月,0
嬀,女,0
頂,页,0
鈆,钅,0
圈,囗,11
残,歹,9
鐊,釒,0
耒,耒,6
馗,首,0
庙,广,8
缘,纟,12
焜,火,0
閟,門,0
欠,欠,4
辣,辛,14
木,木,4
碭,石,0
帮,巾,0
璵,王,0
锴,钅,0
輸,车,0
髁,骨,0
心,心,4
鳅,鱼,17
凇,冫,0
雉,隹,0
湎,氵,0
苑,艹,8
恒,忄,9
彘,彑,0
鱚,魚,0
兜,儿,11
痟,疒,0
衢,行,0
艦,舟,0
鯫,鱼,0
葪,艹,0
鷯,鸟,0
勱,力,0
獰,犭,0
音,音,9
畴,田,12
潸,氵,0
藿,艹,0
鮀,魚,0
瘉,心,0
咊,口,0
于,二,3
我,戈,7
窖,穴,12
逝,辶,10
梢,木,11
谥,讠,0
蘩,艹,0
笫,竹,0
妬,女,0
累,糸,11
厰,厂,0
邲,阝,0
誶,讠,0
貺,贝,0
政,攵,9
婁,女,0
節,艹,0
居,尸,8
噉,口,0
槌,木,13
赏,贝,12
提,扌,12
蝓,虫,0
嫖,女,0
繙,羽,0
灝,氵,0
釜,金,0
回,囗,6
橡,木,15
诠,讠,8
跤,足,13
孫,子,0
嵯,山,0
绮,纟,11
坳,土,0
鑵,缶,0
泺,氵,0
聽,口,0
曾,曰,12
碃,石,0
鼂,黽,0
娄,女,0
皇,白,9
锆,钅,0
丌,一,0
蜒,虫,12
麗,丶,0
妙,女,7
砘,石,0
钛,钅,0
瘜,疒,0
蚧,虫,0
怨,心,9
鸬,鸟,0
央,丨,5
疱,疒,10
鈴,钅,0
蘼,艹,0
罂,缶,14
釉,采,12
绗,纟,0
塘,土,13
噜,口,15
酞,酉,0
棣,木,0
轢,车,0
荪,艹,0
忭,忄,0
髯,髟,0
瑰,王,13
叵,口,0
鲀,鱼,0
徂,彳,0
骄,马,9
喆,口,0
焉,灬,11
邈,辶,0
君,口,7
贡,贝,7
脩,月,0
簫,竹,0
措,扌,11
馮,冫,0
鞲,革,0
论,讠,6
房,户,8
膾,月,0
竄,穴,0
陇,阝,0
光,儿,6
烈,灬,10
位,亻,7
滌,氵,0
擐,扌,0
拔,扌,8
巖,山,0
飘,风,15
雜,木,0
浡,氵,0
賠,贝,0
步,止,7
諤,言,0
胨,月,0
镱,钅,0
鍵,钅,0
淶,氵,0
蝽,虫,0
懾,忄,0
崀,山,0
瞇,目,0
儈,亻,0
墙,土,14
欤,欠,0
愨,心,0
纭,纟,0
鼬,鼠,0
锰,钅,13
嘲,口,15
姃,女,0
髅,骨,18
軍,冖,0
桎,木,0
蓑,艹,13
晒,日,10
苕,艹,0
鱖,鱼,0
奘,大,10
痛,疒,12
驚,忄,0
坜,土,0
遞,辶,0
葦,艹,0
艪,木,0
哱,口,0
異,廾,0
勵,力,0
獴,犭,0
迷,辶,9
楸,木,0
藻,艹,19
杼,木,8
咆,口,8
瀉,氵,0
劊,刂,0
渍,氵,11
戕,戈,8
弗,弓,5
唛,口,0
谡,讠,0
溢,氵,13
訥,讠,0
撦,扌,0
耩,耒,0
紫,糸,12
颮,风,0
厴,厂,0
貶,贝,0
攻,攵,7
挿,扌,0
肾,月,8
屁,尸,7
饃,饣,0
範,艹,0
偉,亻,0
燈,火,0
赋,贝,12
乍,丿,5
譏,讠,0
腓,月,0
駘,马,0
韜,韦,0
僞,亻,0
污,氵,6
橥,木,0
诤,讠,8
恩,心,10
臨,丨,0
嵫,山,0
鹭,鸟,18
鑱,钅,0
关,丷,6
盲,目,8
泶,水,0
虽,虫,9
帀,匚,0
窃,穴,9
璇,王,0
霆,雨,14
刈,刂,0
梏,木,0
謎,讠,0
抓,扌,7
宙,宀,8
際,阝,0
喝,口,12
邟,阝,0
渠,木,11
誣,讠,0
維,纟,0
熵,火,0
逴,辶,0
伶,亻,7
訸,言,0
施,方,9
萼,艹,0
終,纟,0
哇,口,9
介,人,4
煊,火,0
歎,口,0
蟑,虫,17
臕,月,0
糗,米,16
盛,皿,11
呜,口,7
烟,火,10
习,乙,3
赢,贝,17
擧,丶,0
蝦,虫,0
籬,竹,0
飯,饣,0
癰,疒,0
缁,纟,0
嶂,山,0
礅,石,0
预,页,10
垆,土,0
貌,豸,14
愕,忄,12
羖,羊,0
嘛,口,14
禚,礻,0
锝,钅,0
借,亻,10
褥,衤,15
縫,纟,0
岬,山,0
鮮,鱼,0
閲,门,0
傴,亻,0
覺,见,0
怿,忄,0
绀,纟,0
驃,马,0
卉,十,5
狈,犭,7
蹋,足,17
泌,氵,0
惔,忄,0
忖,忄,6
高,高,10
姚,女,9
畝,亠,0
铜,钅,11
楥,木,0
裤,衤,12
捩,扌,11
苨,艹,0
幫,巾,0
篮,竹,16
酵,酉,14
濶,门,0
开,廾,4
处,夂,5
疇,田,0
阆,门,0
匈,勹,6
逊,辶,9
討,讠,0
咝,口,0
甜,舌,11
亡,亠,3
漠,氵,13
讣,讠,0
椤,木,0
挨,扌,10
鴬,艹,0
皱,皮,10
霰,雨,0
吲,口,0
鄴,阝,0
丶,丶,0
蔼,艹,14
寃,冖,0
嗇,口,0
癆,疒,0
蛑,虫,0
摒,扌,12
胕,月,0
緗,纟,0
存,子,6
矛,矛,5
啜,口,11
營,艹,0
鉞,钅,0
你,亻,7
豢,豕,0
旧,日,5
聪,耳,15
峭,山,10
囱,囗,7
僵,亻,15
跷,足,13
歸,彐,0
蟻,虫,0
臿,臼,0
龀,齿,0
岂,山,6
馄,饣,0
嚆,口,0
氍,毛,0
怕,忄,8
崗,山,0
騙,马,0
碚,石,0
鐝,钅,0
償,亻,0
舩,舟,0
缫,纟,0
钲,钅,0
躶,衤,0
愿,心,14
芾,艹,7
翀,羽,0
魃,鬼,0
秄,耒,0
镇,钅,15
珈,王,0
淌,氵,11
襏,衤,0
某,甘,9
懔,忄,0
廖,广,14
壚,土,0
關,丷,0
勞,力,0
桥,木,10
扩,扌,6
鱭,鱼,0
即,卩,7
遵,辶,15
詹,言,13
棺,木,12
葽,艹,0
拾,扌,9
怀,忄,7
螅,虫,0
氈,毛,0
嚏,口,17
馑,饣,0
龕,龙,0
脖,月,11
料,斗,10
蜚,虫,0
贞,贝,6
錢,钅,0
瞥,目,16
嘤,口,0
尨,尢,0
肫,月,8
蚯,虫,11
攮,扌,0
貳,贝,0
欲,欠,11
侵,亻,9
銷,钅,0
然,灬,0
喹,口,0
眺,目,11
宽,宀,10
豈,山,0
佊,亻,0
盏,皿,10
摘,扌,14
话,讠,8
橜,木,0
仟,亻,5
癤,疒,0
鷩,鳥,0
揭,扌,12
酶,酉,0
痹,疒,13
呸,口,0
婼,女,0
萃,艹,11
掂,扌,0
訇,言,0
榆,木,13
逋,辶,0
匍,勹,9
阏,门,0
疎,疋,0
鰓,鱼,0
引,弓,4
戗,戈,0
邠,阝,0
厢,厂,11
鲨,鱼,15
循,彳,12
茭,艹,0
抬,扌,8
械,木,11
溴,氵,0
刷,刂,8
锹,钅,0
鬽,鬼,0
视,礻,8
獍,犭,0
勌,亻,0
壐,玉,0
罕,干,7
衛,卩,0
柚,木,9
蹟,辶,0
淞,氵,0
鑣,钅,0
珢,王,0
秦,禾,10
嵩,山,13
恫,忄,0
景,日,12
裰,衤,0
汳,氵,0
凶,凵,4
铸,钅,12
基,土,11
巾,巾,3
愀,忄,0
貉,豸,0
频,页,13
嶓,山,0
麕,鹿,0
缔,纟,12
耖,耒,0
撙,扌,0
蘚,艹,0
頦,页,0
鸪,鸟,0
螯,虫,16
足,足,7
樲,木,0
亵,亠,0
瘺,疒,0
媽,女,0
簾,巾,0
旃,方,0
赈,贝,11
呎,口,0
齔,齿,0
敘,又,0
歜,欠,0
俟,亻,0
郡,阝,9
煠,火,0
嗣,口,13
寧,宀,0
鳩,鸟,0
絨,纟,0
拭,扌,9
棱,木,12
該,讠,0
佴,亻,0
遶,纟,0
啸,口,11
竽,竹,0
孼,子,0
蔃,艹,0
謇,言,0
梆,木,0
刍,刀,0
霏,雨,0
璎,王,0
堑,土,11
窒,穴,11
帕,巾,8
讜,讠,0
醠,酉,0
産,亠,0
劢,力,0
舭,舟,0
掬,扌,11
蠱,虫,0
踵,足,16
疸,疒,0
夻,大,0
恁,心,0
裆,衤,0
汉,氵,5
牍,片,0
双,又,4
铎,钅,0
姐,女,8
髒,月,0
繕,纟,0
轟,车,0
泞,氵,8
镣,钅,0
噥,口,0
慫,心,0
绪,纟,11
杯,木,8
迴,囗,0
獷,犭,0
闸,门,8
固,囗,8
戀,心,0
薅,艹,0
辉,车,12
醍,酉,0
瀌,氵,0
咏,口,8
鮑,鱼,0
库,广,7
茖,艹,0
蔚,艹,14
輞,车,0
删,刂,7
鄢,阝,0
疥,疒,0
鬦,斗,0
義,丶,0
芫,艹,0
蒯,艹,0
朮,木,0
躳,身,0
猶,犭,0
町,田,7
鲿,鱼,0
缾,瓦,0
蹈,足,17
瓏,王,0
坎,土,7
结,纟,9
鱔,鱼,0
鏡,钅,0
闥,门,0
蝮,虫,0
襲,衣,0
淵,氵,0
鍶,钅,0
噸,口,0
秽,禾,11
塼,石,0
憂,忄,0
殆,歹,9
伉,亻,0
⺈,⺈,2
儍,亻,0
鐏,釒,0
瞎,目,15
崕,山,0
樛,木,0
袜,衤,10
氟,气,0
銠,钅,0
冢,冖,10
钤,钅,0
砧,石,0
宦,宀,0
麨,麥,0
嶪,页,0
脭,月,0
悬,心,11
檰,木,0
贵,贝,9
霹,雨,21
皸,皮,0
餽,饣,0
碼,石,0
尿,尸,7
臂,月,17
故,攵,9
识,讠,7
筑,竹,12
駒,马,0
揖,扌,12
詛,讠,0
濞,氵,0
卡,丨,5
陣,阝,0
啥,口,0
顧,页,0
篦,竹,0
彩,彡,11
扫,扌,6
胬,肉,0
湳,氵,0
賴,贝,0
叶,口,5
飼,饣,0
忾,忄,7
攄,扌,0
躉,足,0
压,厂,6
喏,口,0
骑,马,11
従,人,0
鲕,鱼,0
純,纟,0
舖,钅,0
條,木,0
踞,足,15
匠,匚,6
逢,辶,10
唤,口,10
纩,纟,0
弨,弓,0
莫,艹,10
薯,艹,16
辳,冖,0
栲,木,0
父,父,4
琺,王,0
鶿,鸟,0
績,纟,0
荀,艹,0
柃,木,0
酌,酉,10
痏,疒,0
噎,口,15
蛙,虫,12
裝,衣,0
獠,犭,0
铥,钅,0
黩,黑,0
罨,罒,0
惭,忄,11
虮,虫,0
櫱,艹,0
衲,衤,0
泵,水,0
盹,目,9
磽,石,0
鹾,卤,0
蜃,虫,0
三,一,3
倍,亻,10
锏,钅,0
皎,白,11
娑,女,10
鼓,鼓,13
尕,小,0
螘,虫,0
亞,二,0
礧,扌,0
憬,忄,15
許,讠,0
谵,讠,0
涴,氵,0
儷,亻,0
扁,户,9
胂,月,0
摅,扌,0
賊,贝,0
凌,冫,10
雎,隹,0
穑,禾,0
寐,宀,12
飒,风,0
拖,扌,8
據,扌,0
滞,氵,12
剡,刂,0
靣,面,0
饧,饣,0
竦,立,0
捫,扌,0
臬,自,0
诰,讠,0
跴,足,0
筻,竹,0
哺,口,10
薁,艹,0
搀,扌,12
莅,艹,0
栈,木,9
咋,口,0
鞍,革,15
瘌,疒,0
墓,土,13
稔,禾,13
茚,艹,0
东,一,5
疡,疒,8
吠,口,7
玥,王,0
判,刂,7
鴦,鸟,0
芯,艹,0
漲,氵,0
隷,隶,0
鲻,鱼,0
徽,彳,17
社,礻,7
艄,舟,0
滇,氵,0
陌,阝,8
兎,儿,0
归,彐,5
臙,月,0
违,辶,7
闡,门,0
瑠,王,0
廧,广,0
硨,石,0
腮,月,13
深,氵,11
轲,车,9
毵,毛,0
镶,钅,22
燹,火,0
鍺,钅,0
幼,幺,5
考,耂,6
鐋,钅,0
殊,歹,10
圍,囗,0
頓,页,0
肘,月,7
氛,气,8
躜,足,0
樟,木,15
钠,钅,9
瀣,氵,0
垢,土,9
縧,纟,0
風,风,0
宪,宀,9
贱,贝,9
鄹,阝,0
炸,火,9
尻,尸,0
鼽,鼻,0
捅,扌,0
跆,足,0
诊,讠,7
野,里,11
嫔,女,0
旖,方,0
揚,扌,0
佝,亻,0
啡,口,11
遣,辶,13
矢,矢,5
鹧,鸟,0
緦,纟,0
奩,大,0
篪,竹,0
扯,扌,7
俲,攵,0
嗶,口,0
郸,阝,0
类,米,9
黼,黹,0
穿,穴,9
攀,手,19
喋,口,12
隍,阝,0
鲑,鱼,14
紐,纟,0
妓,女,7
笔,⺮,10
溝,氵,0
璡,王,0
唠,口,10
阢,阝,0
碩,石,0
渲,氵,12
琶,王,12
鶻,鸟,0
爺,父,0
砾,石,10
蕀,艹,0
濇,氵,0
珏,王,0
偎,亻,11
魔,鬼,20
胙,月,0
慘,忄,0
潜,氵,15
铡,钅,11
鋥,钅,0
忧,忄,7
飩,饣,0
票,示,11
泱,氵,0
蹲,足,19
鑶,釒,0
烹,灬,11
典,八,8
鉺,钅,0
绽,纟,11
彼,彳,8
顾,页,10
暂,日,12
輇,车,0
沆,氵,0
锋,钅,12
嘍,口,0
炎,火,8
少,小,4
餓,饣,0
朗,月,10
膘,月,0
洛,氵,9
辜,辛,12
嚢,口,0
缧,纟,0
馨,香,20
媪,女,0
蘭,丷,0
谱,讠,14
殴,殳,0
鸽,鸟,11
羼,尸,0
嬿,女,0
摁,扌,0
桉,木,0
癍,疒,0
郎,阝,8
蝗,虫,0
赛,宀,14
拚,扌,8
九,丿,2
酣,酉,12
剥,刂,10
敫,攵,0
竪,立,0
蟬,虫,0
楳,木,0
仲,亻,6
说,讠,9
哶,口,0
勺,勹,3
昀,日,0
怄,忄,0
琌,王,0
縐,纟,0
馕,饣,0
研,石,9
蜖,虫,0
脚,月,11
涝,氵,0
锢,钅,13
箩,竹,14
餪,日,0
肯,月,8
洲,氵,9
钷,钅,0
眶,目,11
麻,麻,11
嶽,山,0
笾,竹,0
但,亻,7
詈,言,0
鑌,钅,0
烏,丿,0
华,十,6
顔,页,0
菙,艹,0
托,扌,6
距,足,11
汜,氵,0
灤,氵,0
穨,页,0
旭,日,6
荮,艹,0
濱,氵,0
买,乛,6
靶,革,13
剸,刂,0
斂,攵,0
谇,讠,0
澆,氵,0
阋,门,0
透,辶,10
玎,王,0
夕,夕,3
搗,扌,0
芘,艹,0
栟,木,0
邤,阝,0
簧,竹,17
徦,彳,0
骨,骨,9
妪,女,7
蔭,艹,0
撬,扌,0
犸,犭,0
帻,巾,0
粼,米,0
歉,欠,14
觊,见,0
哌,口,0
网,冂,6
著,艹,0
坡,土,8
痢,疒,12
入,入,2
鱧,鱼,0
翦,羽,15
孩,子,9
蓬,艹,13
息,心,10
裴,衣,0
瑷,王,0
鋸,钅,0
繻,糹,0
出,凵,5
蚁,虫,9
最,曰,12
肅,聿,0
誉,言,13
型,土,9
钍,钅,0
甌,瓦,0
缐,纟,0
宓,宀,0
蘖,艹,0
鸦,鸟,9
窩,穴,0
螫,虫,0
膯,月,0
戮,戈,0
亱,夕,0
讳,讠,6
氲,气,0
岽,山,0
稾,禾,0
淇,氵,11
镌,钅,0
齐,齐,6
篓,竹,15
饔,飠,0
苙,艹,0
浜,氵,0
睠,目,0
口,口,3
煤,火,13
巧,工,5
艮,艮,0
佰,亻,8
棵,木,12
陶,阝,10
狹,犭,0
卸,卩,9
遺,辶,0
驾,马,8
范,艹,8
撂,扌,0
溆,氵,0
名,口,6
鄏,阝,0
帑,巾,0
鬓,髟,20
粒,米,11
堕,土,11
莘,艹,0
椟,木,0
鞠,革,17
咢,讠,0
紧,糸,10
度,广,9
墪,土,0
萭,艹,0
斬,斤,0
踱,足,16
蠵,虫,0
榴,木,14
唷,口,11
鈹,钅,0
夿,大,0
晁,日,10
蓂,艹,0
軆,亻,0
裊,衣,0
嗌,口,0
忐,心,7
硕,石,11
委,女,8
蕗,艹,0
曖,日,0
惚,忄,11
襟,衤,18
櫞,木,0
瓢,瓜,16
健,亻,10
绦,纟,10
述,辶,8
歳,山,0
觴,角,0
鏸,釒,0
鷼,鸟,0
要,覀,9
栀,木,0
辅,车,11
薉,禾,0
墋,土,0
序,广,7
醑,酉,0
瀐,氵,0
涙,氵,0
蔞,艹,0
禡,礻,0
堠,土,0
鬢,髟,0
羥,羊,0
吨,口,7
被,衤,10
霪,雨,19
躯,身,11
洮,氵,0
挲,手,0
骷,骨,14
邻,阝,7
缺,缶,10
甾,田,0
血,血,6
蹄,足,16
拇,扌,8
葈,艹,0
磋,石,14
经,纟,8
遐,辶,12
卒,十,8
陔,阝,0
菝,艹,0
駡,马,0
闩,门,0
饶,饣,9
緹,纟,0
珽,王,0
调,讠,10
殂,歹,0
與,一,0
枊,木,0
鐓,钅,0
樗,木,0
貘,豸,0
怛,忄,0
芜,艹,7
星,日,9
颠,页,16
簣,竹,0
客,宀,9
麤,米,0
钨,钅,0
檬,木,17
脱,月,11
暴,日,15
嘿,口,15
诂,讠,7
仄,人,0
臆,月,0
敉,攵,0
蟊,虫,0
筍,竹,0
嫌,女,13
煑,灬,0
囔,口,0
號,口,0
奡,大,0
鱣,鱼,0
鉧,釒,0
燦,火,0
桫,木,0
湯,氵,0
胰,月,10
摳,扌,0
蛴,虫,0
穷,穴,7
鳸,鳥,0
鋼,钅,0
嗾,口,0
袁,土,10
躅,足,0
蒉,艹,0
邑,邑,7
焐,火,0
隕,阝,0
蠖,虫,0
沙,氵,7
碡,石,0
纥,纟,0
逦,辶,10
璩,王,0
阪,阝,6
辯,辛,0
氮,气,0
薳,艹,0
戲,戈,0
醻,酉,0
襀,衤,0
轄,车,0
揇,扌,0
蕈,艹,0
秋,禾,9
屎,尸,9
酐,酉,0
痓,疒,0
祠,礻,9
黥,黑,0
铩,钅,0
色,色,6
顶,页,8
鹺,卤,0
狽,犭,0
鑾,金,0
茇,艹,0
們,亻,0
锓,钅,0
犒,牜,0
愛,爫,0
亚,二,6
莜,艹,0
期,月,12
閨,门,0
嚪,口,0
設,讠,0
伯,亻,7
耱,耒,0
蘵,艹,0
枴,扌,0
嬷,女,17
鰹,鱼,0
綸,纟,0
儻,亻,0
鈽,钅,0
玼,王,0
桁,木,0
諂,讠,0
俄,亻,9
胆,月,9
蛊,虫,0
富,宀,12
鳎,鱼,0
灑,氵,0
鋒,钅,0
埔,土,10
棖,木,0
滚,氵,13
蝟,犭,0
擞,扌,16
烦,火,10
楫,木,0
诬,讠,9
潯,氵,0
筷,竹,13
壶,士,10
鷸,鸟,0
建,廴,8
睿,目,0
讁,讠,0
超,走,12
螉,虫,0
馍,饣,0
砌,石,9
爐,火,0
嚓,口,0
謖,讠,0
丘,丿,5
憝,心,0
蜞,虫,0
管,竹,14
娠,女,0
綥,糸,0
尤,尢,4
錦,钅,0
瞩,目,17
嘨,口,0
锪,钅,0
貯,贝,0
徹,彳,0
銻,钅,0
紺,纟,0
冽,冫,8
钿,钅,0
惇,忄,0
立,立,5
題,页,0
彎,弓,0
兒,兒,0
这,辶,7
湘,氵,12
臝,衤,0
鯡,鱼,0
廣,广,0
鷥,鸟,0
僧,亻,14
韩,韦,12
槭,木,0
轮,车,8
腲,月,0
翹,羽,0
幸,土,8
概,木,13
复,夂,9
鰏,鱼,0
美,大,9
熒,艹,0
唕,口,0
栗,木,10
戛,戈,0
肜,月,0
骠,马,0
縣,厶,0
鲤,鱼,15
瀧,氵,0
厦,厂,12
喪,一,0
茱,艹,9
鼹,鼠,23
纸,纟,7
刻,刂,8
炼,火,9
观,见,6
浅,氵,8
杉,木,7
藊,艹,0
勐,力,0
哔,口,9
街,行,12
毖,比,0
余,人,7
柞,木,0
鹣,鸟,0
坩,土,0
痪,疒,12
修,亻,9
晳,日,0
蓴,艹,0
硷,石,0
寶,宀,0
牻,牜,0
侃,亻,8
貅,豸,0
洄,氵,9
月,月,4
宋,宀,7
颍,页,12
銑,钅,0
垓,土,0
钕,钅,0
訖,讠,0
优,亻,6
谚,讠,11
悝,忄,0
蘞,艹,0
粥,米,12
崤,山,0
鈦,钅,0
在,土,6
讫,讠,0
螳,虫,17
庹,广,0
鎻,钅,0
閿,门,0
瘾,疒,16
濃,氵,0
资,贝,10
懇,心,0
蝈,虫,0
饌,饣,0
镔,钅,0
潘,氵,15
胝,月,9
髡,髟,0
筠,竹,0
鳥,鸟,0
雩,雨,0
睨,目,0
拱,扌,9
聲,士,0
驶,马,8
鱺,鱼,0
烽,火,11
兼,丷,10
較,车,0
脇,月,0
堍,土,0
刑,刂,6
霓,雨,16
炒,火,8
吕,口,6
椗,石,0
辘,车,0
挛,手,0
膜,月,14
鮠,魚,0
缣,纟,0
咪,口,9
⺮,⺮,6
舱,舟,10
掰,手,0
萵,艹,0
夷,大,6
鸹,鸟,0
羸,羊,0
医,匚,7
唿,口,0
裂,衣,12
晉,日,0
蓊,艹,13
黎,氺,15
瑕,王,13
嗔,口,0
乙,乙,1
荛,艹,0
泚,氵,0
履,尸,15
酧,酉,0
噩,王,16
浯,氵,0
菰,艹,0
杳,木,8
祷,礻,11
獻,犬,0
畿,田,0
图,囗,8
趁,走,12
龍,龙,0
閑,门,0
琐,王,11
傓,火,0
鎕,米,0
⺗,⺗,4
贖,贝,0
謚,讠,0
枝,木,8
脞,月,0
鼢,鼠,0
锦,钅,13
倨,亻,0
貫,贝,0
肳,口,0
妹,女,8
钻,钅,10
笺,竹,11
棃,木,0
曇,日,0
鹌,鸟,13
奎,大,0
鑐,釒,0
仗,亻,5
籠,竹,0
穤,米,0
釩,钅,0
灨,贝,0
襮,衤,0
旱,日,7
蝲,虫,0
矽,石,0
酾,酉,0
蠃,虫,0
澂,氵,0
蘇,艹,0
掊,扌,0
騏,马,0
禎,礻,0
唑,口,0
瞒,目,15
匕,匕,0
渗,氵,11
搛,扌,0
蚜,虫,10
戟,戈,0
鲠,鱼,0
砣,石,0
骤,马,17
瘧,疒,0
喦,山,0
邨,木,0
輭,车,0
撰,扌,15
茵,艹,9
帷,巾,11
碸,石,0
吻,口,7
霽,雨,0
刿,刂,0
流,氵,10
迂,辶,6
慉,忄,0
菊,艹,11
哐,口,0
淖,氵,0
葛,艹,12
艟,舟,0
孥,子,0
陧,阝,0
痦,疒,0
兩,一,0
珪,土,0
蓰,艹,0
恳,心,10
苴,艹,0
寺,寸,6
牿,牜,0
誅,讠,0
欄,木,0
肉,肉,6
愈,心,13
缌,纟,0
宏,宀,7
銕,钅,0
谖,讠,0
暝,日,0
鸢,鸟,8
窥,穴,13
鐦,钅,0
亭,亠,9
讯,讠,5
膳,月,0
閻,门,0
稺,禾,0
鎿,钅,0
瀾,氵,0
赀,贝,0
腈,月,0
緋,纟,0
镐,钅,0
鍔,钅,0
俗,亻,9
裙,衤,12
杜,木,7
姣,女,0
髥,髟,0
煨,火,0
佬,亻,0
衮,衣,0
擱,扌,0
奸,女,6
驺,马,0
坼,土,8
褃,衤,0
蜇,虫,0
把,扌,7
鬏,髟,0
碎,石,13
向,口,6
覘,见,0
攛,扌,0
挟,扌,9
眧,目,0
咦,口,9
努,力,7
萱,艹,0
新,斤,13
舵,舟,11
掴,扌,0
強,弓,0
頹,页,0
阽,阝,0
瞼,目,0
匿,匚,10
汁,氵,5
蓆,巾,0
苊,艹,0
繍,纟,0
忌,心,7
风,风,4
雒,隹,0
叔,又,8
泖,氵,0
荟,艹,0
屡,尸,12
绢,纟,10
婥,女,0
瓦,瓦,4
慳,忄,0
菴,艹,0
罷,罒,0
島,山,0
嫺,女,0
獿,犭,0
僾,亻,0
辁,车,0
莉,艹,10
戈,戈,4
庋,广,0
簌,竹,0
鞑,革,0
瘐,疒,0
劓,刂,0
醕,酉,0
褚,衤,0
羡,羊,12
堤,土,12
玩,王,8
刨,刂,7
身,身,7
袯,衤,0
芳,艹,7
鲷,鱼,0
缶,缶,0
容,宀,10
隻,口,0
示,示,5
喽,口,12
邿,阝,0
猾,犭,0
蹀,足,0
櫃,木,0
衄,血,0
擇,扌,0
绋,纟,0
限,阝,8
達,辶,0
诙,讠,0
橘,木,16
藝,艹,0
摜,扌,0
嫣,女,14
硤,石,0
哧,口,0
柱,木,9
蕲,艹,0
懵,忄,18
齶,月,0
饺,饣,9
呼,口,8
企,人,6
訃,讠,0
涂,氵,10
萇,艹,0
憊,心,0
崍,山,0
頏,页,0
箎,竹,0
疒,疒,0
儕,亻,0
侖,人,0
誘,讠,0
蒜,艹,13
稣,禾,13
颤,页,19
垦,土,9
銨,钅,0
丫,丨,3
购,贝,8
蜱,虫,0
悴,忄,11
尷,尢,0
嘻,口,15
什,亻,4
蟆,虫,16
捉,扌,10
臊,月,0
睑,目,12
僔,亻,0
揞,扌,0
彡,彡,0
奥,大,12
矦,亻,0
湫,氵,0
賬,贝,0
蛰,虫,12
扳,扌,0
胴,月,0
登,癶,12
姺,女,0
铼,钅,0
灿,火,7
躁,足,20
袅,衣,0
挈,手,0
律,彳,9
鲍,鱼,13
厓,山,0
邕,邑,0
舞,夕,14
纡,纟,0
张,弓,7
碥,石,0
夤,夕,0
辫,辛,17
覯,见,0
莳,艹,0
縶,糸,0
砺,石,0
咽,口,9
爾,小,0
襄,衣,17
荈,艹,0
翋,羽,0
諙,讠,0
蓝,艹,13
獨,犭,0
詮,讠,0
曱,曰,0
竹,竹,6
顺,页,9
啼,口,12
丁,一,2
沂,氵,0
鼋,黽,0
對,寸,0
嘑,口,0
洗,氵,9
望,月,11
薜,艹,0
感,心,13
龠,龠,0
岢,山,0
嚦,口,0
伫,亻,6
谭,讠,14
涬,氵,0
枰,木,0
耵,耳,0
箸,竹,0
圻,土,0
疼,疒,10
儿,儿,2
賂,贝,0
桅,木,10
蛆,虫,11
扉,户,12
籍,竹,20
髎,骨,0
铒,钅,0
灕,氵,0
棚,木,12
幡,巾,0
塥,土,0
镧,钅,0
剩,刂,12
跬,足,0
致,至,10
絷,糸,0
延,廴,6
睻,目,0
壺,士,0
闼,门,0
勾,勹,4
醁,酉,0
鞅,革,0
瘄,疒,0
鶉,鸟,0
戌,戈,6
辕,车,14
渔,氵,11
鄖,阝,0
疙,疒,0
箝,竹,0
娜,女,9
枥,木,0
涩,氵,10
輪,车,0
厭,厂,0
鲳,鱼,0
徵,彳,0
芷,艹,0
机,木,6
派,氵,9
附,阝,7
竇,穴,0
鱈,鱼,0
惋,忄,11
彊,弓,0
泓,氵,0
勗,力,0
鯝,鱼,0
廟,广,0
恠,忄,0
蟥,虫,0
晤,日,11
汨,氵,0
班,王,10
年,丿,6
毽,毛,12
儁,亻,0
圅,凵,0
耋,耂,0
羊,羊,6
斎,文,0
谓,讠,11
殒,歹,0
爗,火,0
骜,马,0
縟,纟,0
肠,月,7
蚤,虫,9
貨,贝,0
倫,亻,0
侪,亻,0
犬,犬,4
餱,米,0
碰,石,13
蔹,艹,0
撸,扌,0
捍,扌,0
藎,艹,0
诒,讠,0
仔,亻,5
鉗,钅,0
顛,页,0
矚,目,0
孝,子,7
緞,纟,0
董,艹,12
詧,宀,0
火,火,4
癯,疒,0
米,米,6
諼,讠,0
湿,氵,12
邁,辶,0
喃,口,12
隅,阝,11
眄,目,0
宇,宀,6
紈,纟,0
芍,艹,0
椐,木,0
演,氵,14
逖,辶,0
唘,口,0
阚,门,0
窝,穴,12
舢,舟,0
沩,氵,0
醫,匚,0
踪,足,15
劭,力,7
鞯,革,0
琮,王,0
庵,广,11
获,艹,10
覻,见,0
氾,氵,0
痃,疒,0
剂,刂,8
靄,雨,0
篇,竹,15
懋,心,0
柏,木,9
轔,车,0
受,又,8
胡,月,9
狭,犭,9
卬,卩,0
鑮,钅,0
奰,大,0
绵,纟,11
聶,耳,0
虺,虫,0
锃,钅,0
犂,牛,0
尉,寸,11
纊,纟,0
丕,一,0
猗,犭,0
傖,亻,0
閘,门,0
缟,纟,0
膠,月,0
攣,手,0
欧,欠,8
趨,走,0
圯,土,0
禰,礻,0
鸵,鸟,10
羴,月,0
萹,艹,0
净,冫,8
癅,疒,0
飆,风,0
才,一,3
桑,木,10
諒,讠,0
烖,火,0
呙,口,0
齟,齿,0
糞,米,0
拢,扌,8
哮,口,10
絳,纟,0
捷,扌,11
诼,讠,0
潿,氵,0
琄,王,0
龉,齿,0
縈,艹,0
亓,二,0
趕,走,0
气,气,4
嘘,口,14
锚,钅,13
採,采,0
斥,⺁,5
謦,言,0
澩,水,0
銫,钅,0
贪,贝,8
钯,钅,0
肷,月,0
貿,贝,0
漾,氵,14
鉀,钅,0
盃,木,0
鑄,钅,0
鹈,鸟,0
嵊,山,0
职,耳,11
詐,讠,0
滓,氵,0
豔,色,0
韙,韦,0
癘,疒,0
駝,马,0
菡,艹,0
藥,艹,0
迩,辶,8
燭,火,0
偬,亻,0
篱,竹,16
饲,饣,8
柹,木,0
蕺,艹,0
槽,木,15
轾,车,0
阃,门,0
頇,页,0
萏,艹,0
隘,阝,0
颜,页,15
簟,竹,0
别,刂,7
鄭,阝,0
炬,火,8
启,口,7
窰,穴,0
帳,巾,0
梼,木,0
獁,犭,0
畅,丨,8
哄,口,9
鯆,魚,0
蟎,虫,0
角,角,7
遗,辶,12
驛,马,0
鱟,鱼,0
虣,虍,0
佩,亻,8
淪,氵,0
瑯,王,0
髰,刂,0
繳,纟,0
鳴,鸟,0
蛸,虫,0
裼,衤,0
俾,亻,0
垃,土,8
甄,瓦,13
妇,女,6
缈,纟,0
誑,讠,0
侓,亻,0
貕,豸,0
皙,白,0
團,囗,0
夜,夕,8
鸞,鸟,0
抡,扌,7
耢,耒,0
撥,扌,0
谪,讠,0
傭,亻,0
岵,山,0
讻,讠,0
携,扌,13
趿,足,0
渾,氵,0
鍀,钅,0
镄,钅,0
婆,女,11
届,尸,8
腌,月,12
族,方,11
赔,贝,12
雙,又,0
祜,礻,0
苡,艹,0
蓥,艹,0
热,灬,10
公,八,4
孰,子,11
糵,米,0
嵴,山,0
曹,曰,0
葺,艹,0
刁,刀,0
窆,穴,0
暎,日,0
輓,扌,0
鞘,革,0
笛,竹,11
咚,口,8
庞,广,8
莠,艹,0
薤,艹,0
辨,辛,16
逭,辶,0
熬,灬,14
唯,口,11
弳,弓,0
鰵,鱼,0
綴,纟,0
枸,木,9
榼,木,0
叀,心,0
嗄,口,0
鳊,鱼,0
恍,忄,9
蛎,虫,11
裒,衣,0
汕,氵,0
酗,酉,0
噙,口,0
瓚,王,0
塝,土,0
绞,纟,9
蝣,虫,0
乩,乙,0
獫,犭,0
泪,氵,8
釬,火,0
鯰,鱼,0
慷,忄,14
死,歹,6
琀,王,0
庇,广,7
融,"鬲
",16
昌,日,8
趑,走,0
氐,氏,0
讕,讠,0
锖,钅,0
熙,灬,14
倘,亻,10
錚,钅,0
羝,羊,0
帜,巾,8
餞,饣,0
斡,斗,0
蜢,虫,14
接,扌,11
账,贝,8
钫,钅,0
垭,土,9
缲,纟,0
宵,宀,10
收,攵,6
費,贝,0
挺,扌,9
侽,亻,0
調,讠,0
椾,竹,0
烃,火,0
坂,土,0
织,纟,8
擋,扌,0
虌,艹,0
豐,丨,0
棓,木,0
詔,讠,0
囗,囗,0
釙,钅,0
灘,氵,0
菥,艹,0
扤,扌,0
桨,木,10
短,矢,12
噬,口,16
酮,酉,0
緱,糹,0
齲,齿,0
婴,女,11
唁,口,0
逃,辶,9
包,勹,5
萋,艹,11
憎,忄,15
蠓,虫,0
瘗,疒,0
邘,阝,0
厚,厂,9
妞,女,7
芤,艹,0
含,口,7
霭,雨,0
粰,禾,0
脹,月,0
悸,忄,11
溼,氵,0
哀,口,9
韂,革,0
獅,犭,0
祉,礻,8
鯊,鱼,0
臎,月,0
浑,氵,9
痖,疒,0
彝,彑,0
驟,马,0
柢,木,9
淦,氵,0
毪,毛,0
牯,牜,0
晷,日,12
胸,月,10
軼,车,0
橿,木,0
銅,钅,0
徇,彳,0
颉,页,12
蚍,虫,0
誕,讠,0
炙,火,8
儘,尸,0
纝,纟,0
頞,頁,0
撡,扌,0
蘢,艹,0
报,扌,7
谦,讠,12
閫,门,0
訪,讠,0
岱,山,8
馳,马,0
縲,纟,0
媵,女,0
搶,扌,0
趻,足,0
访,讠,6
栾,木,0
镀,钅,14
燃,火,16
饈,饣,0
旋,方,11
婊,女,0
蝌,虫,15
描,扌,11
赐,贝,12
槓,木,0
乒,丿,6
巛,巛,0
黝,黑,17
罜,罒,0
察,宀,14
若,艹,8
楨,木,0
遮,辶,14
葶,艹,0
惹,心,12
艺,艹,4
佼,亻,0
衾,衣,0
吁,口,6
鄃,阝,0
皂,白,7
茏,艹,0
褓,衤,14
咖,口,8
紛,纟,0
龜,龟,0
增,土,15
愣,忄,12
唫,口,0
瞬,目,17
匯,氵,0
鰱,鱼,0
綰,纟,0
箴,竹,0
踽,足,0
澼,氵,0
瑁,王,0
鳆,鱼,0
髊,骨,0
胎,月,9
軒,车,0
橕,扌,0
魟,魚,0
轧,车,5
畫,田,0
櫪,木,0
韬,韦,0
獯,犭,0
僮,亻,14
杷,木,8
臸,至,0
瘀,疒,0
醅,酉,0
稈,禾,0
搌,扌,0
辑,车,13
渐,氵,11
霖,雨,16
玙,王,0
刘,刂,6
鄚,阝,0
綝,糹,0
尜,小,0
蔢,艹,0
輦,车,0
褪,衤,14
邯,阝,0
献,犬,13
骳,骨,0
紲,纟,0
朶,木,0
款,欠,12
陀,阝,7
狃,犭,0
遄,辶,0
糇,米,0
惏,女,0
櫓,木,0
衔,彳,11
哗,口,9
牘,片,0
廛,广,0
籜,竹,0
壟,土,0
臥,卜,0
恤,忄,9
诩,讠,0
翱,羽,16
鵲,鸟,0
蝶,虫,15
腺,月,13
羆,罒,0
嬉,女,0
蘋,艹,0
禊,礻,0
耏,而,0
掎,扌,0
休,亻,6
訓,讠,0
涒,氵,0
琗,王,0
銘,钅,0
縛,纟,0
鲜,鱼,14
砟,石,0
实,宀,8
肤,月,8
氧,气,10
侦,亻,8
誨,讠,0
锭,钅,0
餵,口,0
碴,石,0
茹,艹,9
主,丶,5
贽,贝,0
沼,氵,8
睁,目,11
囀,口,0
煅,火,0
等,竹,12
敍,又,0
潑,氵,0
鹛,鸟,0
燚,火,0
嵝,山,0
篞,氵,0
艣,木,0
既,旡,9
癫,疒,21
铬,钅,0
灯,火,6
叮,口,5
已,已,3
飴,饣,0
湻,氵,0
購,贝,0
嶇,山,0
骉,马,0
笈,竹,0
蒍,艹,0
躑,足,0
阖,门,13
匘,月,0
通,辶,10
粝,米,0
檩,木,0
鞫,革,0
咭,口,0
醯,酉,0
薷,艹,0
昶,日,0
怺,心,0
覿,见,0
樾,木,0
緇,纟,0
魈,鬼,0
塊,土,0
毓,母,0
鳝,鱼,0
絜,氵,0
杠,木,7
胥,月,0
慤,心,0
啬,口,11
绱,纟,0
彰,彡,0
奴,女,5
泽,氵,8
詾,讠,0
嘁,口,0
璂,王,0
鴇,鸟,0
娉,女,0
蜋,虫,0
脏,月,10
丑,一,4
鎘,钅,0
缛,纟,0
挣,扌,9
洧,氵,0
亦,亠,6
讨,讠,5
疬,疒,0
鸱,鸟,0
羰,羊,0
船,舟,11
掸,扌,0
伻,亻,0
涼,氵,0
铂,钅,0
凄,冫,10
穉,禾,0
苎,艹,0
俐,亻,9
賒,贝,0
桕,木,10
镗,钅,0
盖,皿,11
饟,饣,0
竞,立,10
荣,艹,9
擢,扌,17
赧,赤,0
滦,氵,0
睫,目,13
敷,攵,15
菸,艹,0
馁,饣,10
砀,石,0
龅,齿,0
劇,刂,0
閉,门,0
琈,王,0
亏,一,3
膑,月,14
昔,日,8
尘,小,6
锞,钅,0
两,一,7
斩,斤,8
麯,麥,0
紮,扌,0
冱,冫,0
钳,钅,10
垵,土,0
椶,木,0
放,攵,8
鹄,鸟,0
兆,儿,6
棋,木,12
坊,土,7
滏,氵,0
虔,虍,10
嫗,女,0
鷙,鸟,0
鏝,钅,0
囟,囗,0
桠,木,10
迥,辶,8
藩,艹,18
偰,亻,0
噴,口,0
淹,氵,11
轺,车,0
揽,扌,12
蕾,艹,16
唉,口,10
踏,足,15
涎,氵,0
排,扌,11
稗,禾,0
妖,女,7
瀛,氵,0
銜,行,0
瘟,疒,0
袠,巾,0
氣,气,0
戧,戈,0
蒨,艹,0
窬,穴,0
鄱,阝,0
皴,皮,0
费,贝,9
沸,氵,8
押,扌,8
祁,礻,0
罅,缶,0
廄,厂,0
哈,口,9
跎,足,12
慑,忄,13
驗,马,0
秖,礻,0
遛,辶,0
陟,阝,0
痞,疒,0
佥,人,0
懦,忄,17
硫,石,12
繯,纟,0
差,工,9
郰,阝,0
史,口,5
恻,忄,9
俺,亻,10
颁,页,10
嶃,山,0
缄,纟,12
钉,钅,7
認,讠,0
侏,亻,8
蚕,虫,10
朔,月,10
崘,人,0
鸚,鸟,0
梡,木,0
訢,言,0
溥,氵,0
伤,亻,6
耦,耒,0
撩,扌,15
蘪,米,0
簮,竹,0
爲,丶,0
讷,讠,0
膻,月,0
渺,氵,12
齄,鼻,0
珇,王,0
镈,钅,0
構,木,0
譌,讠,0
腐,肉,14
鳙,鱼,0
凛,冫,15
鋝,钅,0
域,土,11
裡,里,0
楠,木,13
潤,氵,0
竭,立,14
孬,子,0
烱,火,0
兰,丷,5
坴,土,0
蹺,足,0
拽,扌,0
帅,巾,5
錇,钅,0
吉,口,6
蔓,艹,14
抒,扌,7
墖,土,0
庚,广,8
真,十,10
洣,氵,0
辤,辛,0
薨,艹,0
夫,大,4
騭,马,0
箬,竹,14
弯,弓,9
唳,口,0
阵,阝,6
涸,氵,11
掼,扌,0
髂,骨,0
繅,纟,0
苒,艹,0
晕,日,10
磖,石,0
屙,尸,0
绚,纟,9
瓞,瓜,0
赣,贝,0
荧,艹,0
惦,忄,11
勲,力,0
歷,厂,0
跸,足,0
板,木,8
鮁,鱼,0
稀,禾,12
瘈,疒,0
覍,廾,0
栌,木,0
成,戈,6
搔,扌,12
帘,巾,8
倜,亻,0
霞,雨,17
殡,歹,0
缮,纟,15
隳,阝,0
喵,口,11
袷,衤,0
芻,刀,0
蒿,艹,13
驀,艹,0
练,纟,8
奂,大,7
陈,阝,7
啊,口,10
行,彳,6
低,亻,7
勛,力,0
針,钅,0
哟,口,9
诡,讠,8
代,亻,5
跥,足,0
汤,氵,6
晨,日,11
秭,禾,0
塬,土,0
酲,酉,0
呴,口,0
懽,欠,0
蝾,虫,0
鸃,鳥,0
圉,囗,0
疊,又,0
谏,讠,11
澎,氵,15
憒,忄,0
砗,石,0
爛,火,0
琟,王,0
垞,土,0
誠,讠,0
渣,氵,12
性,忄,8
蚨,虫,0
犰,犭,0
锵,钅,14
悼,忄,11
峄,山,0
鏆,缶,0
囈,口,0
闊,门,0
迎,辶,7
敕,攵,11
鉛,钅,0
線,糹,0
蹣,足,0
忮,忄,0
鋰,钅,0
铴,钅,0
桷,木,0
軸,车,0
胼,月,10
骁,马,9
鲅,鱼,0
約,纟,0
眈,目,9
袍,衤,10
芑,艹,0
攔,扌,0
騖,鸟,0
弘,弓,5
炝,火,0
蠢,虫,21
沥,氵,7
鮫,鱼,0
縮,纟,0
励,力,7
瀲,氵,0
咵,亻,0
覷,见,0
显,日,9
靈,火,0
毋,毋,4
告,口,7
淏,氵,0
乎,丿,5
荐,艹,9
染,木,9
姗,女,8
罘,罒,0
叛,又,9
郝,阝,9
煜,火,0
嗟,口,0
諡,讠,0
歠,欠,0
俣,亻,0
蛩,虫,0
杨,木,7
奬,大,0
狱,犭,9
印,卩,5
遲,辶,0
詶,酉,0
滹,氵,0
豺,豸,0
虾,虫,9
威,戈,9
尅,十,0
嘉,口,14
贏,贝,0
蜓,虫,12
悒,忄,0
猛,犭,11
岚,山,7
醜,一,0
生,生,5
漣,氵,0
愧,忄,12
螨,虫,0
頭,大,0
现,王,8
圳,土,6
鐵,钅,0
疴,疒,0
踹,足,0
耽,耳,10
癉,疒,0
铊,钅,0
軎,車,0
扑,扌,5
饗,飠,0
竖,立,9
幙,巾,0
鍛,钅,0
偝,亻,0
镟,钅,0
盞,皿,0
腧,月,0
拦,扌,8
鏰,钅,0
间,门,7
楷,木,13
迸,辶,9
捻,扌,0
臼,臼,6
簀,竹,0
境,土,14
鮅,魚,0
嚇,口,0
醉,酉,15
辍,车,12
渌,氵,0
搐,扌,0
莕,艹,0
戔,戈,0
堘,土,0
鬚,页,0
嘜,口,0
鄞,阝,0
涡,氵,10
蔦,艹,0
憩,心,16
鲫,鱼,0
徭,彳,0
骯,月,0
喱,口,0
邳,阝,7
洶,氵,0
蒻,竹,0
欺,欠,12
愾,忄,0
驄,马,0
盇,皿,0
商,亠,11
半,丶,5
蹌,足,0
駙,马,0
韝,革,0
癜,疒,0
募,力,12
跡,辶,0
池,氵,6
该,讠,8
恨,忄,9
幬,巾,0
饮,饣,7
痱,疒,0
珵,王,0
剴,刂,0
赶,走,10
柽,木,0
腾,月,13
頃,页,0
疆,弓,19
儉,亻,0
谋,讠,11
玊,玉,0
伍,亻,6
⺌,⺌,3
訏,言,0
题,页,15
琛,王,0
定,宀,8
障,阝,13
負,贝,0
誤,讠,0
昧,日,9
尫,兀,0
纬,纟,7
锱,钅,0
環,王,0
犴,犭,0
筅,竹,0
煉,火,0
鏊,金,0
潍,氵,0
觎,见,0
救,攵,11
蟒,虫,16
捕,扌,10
鹗,鸟,0
鑛,石,0
篚,竹,0
坝,土,0
衣,衣,6
虧,二,0
旦,日,5
揪,扌,12
铰,钅,0
裸,衤,13
摻,扌,0
承,乛,8
鲁,鱼,12
紀,纟,0
妃,女,6
骅,马,0
笄,竹,0
垇,土,0
躍,足,0
夘,卩,0
圜,囗,0
逞,辶,10
没,氵,7
踢,足,15
萦,艹,11
航,舟,10
庭,广,9
咱,口,9
樺,木,0
莿,艹,0
秃,禾,7
幂,巾,0
魄,白,14
矇,目,0
呆,口,7
酈,阝,0
淋,氵,11
削,刂,9
每,母,0
荔,艹,0
志,心,7
飙,风,16
叟,又,9
賡,贝,0
浠,氵,0
此,止,6
胩,月,0
慨,忄,12
续,纟,0
彬,彡,11
啰,口,0
陲,阝,0
却,卩,7
棹,木,0
聾,耳,0
封,寸,9
餃,饣,0
纂,糸,0
娅,女,0
震,雨,15
倉,人,0
贋,贝,0
犊,牜,12
不,一,4
脓,月,10
缗,纟,12
岖,山,7
馘,首,0
甛,甘,0
媚,女,12
亢,亠,4
认,讠,4
朧,月,0
膨,月,16
鸭,鸟,10
疰,疒,0
蠹,虫,0
蘽,艹,0
籁,竹,19
巀,戈,0
穅,米,0
寄,宀,11
铆,钅,0
凈,冫,0
湍,氵,12
裎,衤,0
摑,扌,0
糖,米,16
塙,石,0
竚,亻,0
噝,口,0
襣,衤,0
滢,氵,0
擦,扌,17
筯,竹,0
壮,士,6
闰,门,7
煳,火,0
鏴,釒,0
觸,角,0
馅,饣,11
事,一,8
氌,毛,0
怔,忄,8
娘,女,10
餚,月,0
疝,疒,0
錞,釒,0
澡,氵,16
财,贝,7
掩,扌,11
颯,风,0
笮,竹,0
甲,田,5
况,冫,7
買,乙,0
漶,氵,0
肿,月,8
挾,扌,0
鉈,钅,0
滋,氵,12
豌,豆,0
虐,虍,9
拓,扌,8
联,耳,12
四,囗,5
闝,女,0
瑜,王,13
觥,角,0
桤,木,0
菩,艹,11
屬,尸,0
魮,魚,0
镲,钅,0
側,亻,0
轶,车,0
毹,毛,0
弁,廾,0
騃,馬,0
鐇,釒,0
熊,灬,14
蠏,虫,0
斒,文,0
骘,马,0
瘛,疒,0
钜,钅,0
瀟,氵,0
袤,衣,0
搧,户,0
芨,艹,0
師,巾,0
堯,兀,0
皰,疒,0
刳,刂,0
謹,讠,0
檸,木,0
蔽,艹,14
撼,扌,16
鷂,鸟,0
释,采,12
浍,氵,0
诎,讠,0
村,木,7
慕,艹,14
鱗,鱼,0
孙,子,6
陛,阝,9
珞,王,0
詣,讠,0
葧,艹,0
鳬,几,0
硯,石,0
寮,宀,15
雰,气,0
嗲,口,0
郴,阝,0
俶,亻,0
諸,讠,0
晻,日,0
蓼,艹,0
恿,心,11
缀,纟,11
它,宀,5
颅,页,11
喇,口,12
例,亻,8
洌,氵,0
朐,月,0
鈞,钅,0
传,亻,6
谢,讠,12
耪,耒,0
岭,山,8
種,禾,0
鎳,钅,0
琲,王,0
債,亻,0
渶,氵,0
螻,虫,0
膿,月,0
戾,户,8
层,尸,7
症,疒,10
赌,贝,12
腔,月,12
巗,山,0
筘,竹,0
铝,钅,11
畜,田,10
裥,衤,0
楤,木,0
捨,舌,0
嵬,山,12
驮,马,6
盱,目,0
鑲,钅,0
兴,八,6
蹶,足,0
艾,艹,5
币,巾,4
鬃,髟,18
堅,土,0
锇,钅,0
皆,白,9
炊,火,8
檎,木,0
撒,扌,15
紗,纟,0
庖,广,0
墚,土,0
办,力,4
辠,罒,0
欣,欠,8
莨,艹,0
鰭,鱼,0
綬,纟,0
夯,大,0
阱,阝,6
瞰,目,16
匳,大,0
逵,辶,11
落,艹,12
於,方,0
繁,糸,17
硅,石,11
集,隹,12
又,又,2
郊,阝,8
恕,心,10
靛,青,16
磚,石,0
呝,口,0
狞,犭,8
乡,乙,3
波,氵,8
蕧,艹,0
曦,日,20
惪,戈,0
祯,礻,10
哲,口,10
海,氵,10
件,亻,6
诸,讠,10
杻,木,0
